"X","X_vname_","X_label_","X_x_","X_yhat_","X_ids_","method","Model"
1,"ADI","workflow",0.00969039089977741,0.208523067468863,0,"ALE","GLM"
2,"ADI","workflow",0.0183771007880568,0.31452522715028,0,"ALE","GLM"
3,"ADI","workflow",0.0205370556935668,0.340142543099389,0,"ALE","GLM"
4,"ADI","workflow",0.022386764921248,0.361459558677321,0,"ALE","GLM"
5,"ADI","workflow",0.0239912699908018,0.379394226637955,0,"ALE","GLM"
6,"ADI","workflow",0.02539864750579,0.39464783433268,0,"ALE","GLM"
7,"ADI","workflow",0.0262681576982141,0.403833691754427,0,"ALE","GLM"
8,"ADI","workflow",0.0272374148480594,0.413845807227177,0,"ALE","GLM"
9,"ADI","workflow",0.0283303616940975,0.42483729171205,0,"ALE","GLM"
10,"ADI","workflow",0.0292411207966506,0.433748538539848,0,"ALE","GLM"
11,"ADI","workflow",0.030353862605989,0.444320178311239,0,"ALE","GLM"
12,"ADI","workflow",0.0314153183251619,0.454074828989591,0,"ALE","GLM"
13,"ADI","workflow",0.0322051365673542,0.461121248385234,0,"ALE","GLM"
14,"ADI","workflow",0.0329477099701762,0.467578888036584,0,"ALE","GLM"
15,"ADI","workflow",0.0338977329432964,0.475601469445165,0,"ALE","GLM"
16,"ADI","workflow",0.0347594160586596,0.48264501314674,0,"ALE","GLM"
17,"ADI","workflow",0.0356106719374657,0.489384351809762,0,"ALE","GLM"
18,"ADI","workflow",0.0363714057952166,0.495222408462067,0,"ALE","GLM"
19,"ADI","workflow",0.0371970846503973,0.501361072620361,0,"ALE","GLM"
20,"ADI","workflow",0.0379790010303259,0.506984627506948,0,"ALE","GLM"
21,"ADI","workflow",0.0386902086436749,0.511939453491518,0,"ALE","GLM"
22,"ADI","workflow",0.0393472410365939,0.516381400526937,0,"ALE","GLM"
23,"ADI","workflow",0.04007896438241,0.521175371725855,0,"ALE","GLM"
24,"ADI","workflow",0.0408856480941176,0.526274214013688,0,"ALE","GLM"
25,"ADI","workflow",0.0415062360465527,0.530064452287727,0,"ALE","GLM"
26,"ADI","workflow",0.0422016698867083,0.534175393905591,0,"ALE","GLM"
27,"ADI","workflow",0.0429659657180309,0.538527781078546,0,"ALE","GLM"
28,"ADI","workflow",0.0436067756637931,0.542043958674661,0,"ALE","GLM"
29,"ADI","workflow",0.0443707580864429,0.546078093486848,0,"ALE","GLM"
30,"ADI","workflow",0.0449994681403041,0.549269804684494,0,"ALE","GLM"
31,"ADI","workflow",0.0456202123314142,0.552308085226777,0,"ALE","GLM"
32,"ADI","workflow",0.046318980269134,0.55559455353027,0,"ALE","GLM"
33,"ADI","workflow",0.0469816148281097,0.558580934674877,0,"ALE","GLM"
34,"ADI","workflow",0.047732318751514,0.561811954194402,0,"ALE","GLM"
35,"ADI","workflow",0.0484194055944681,0.56462815867262,0,"ALE","GLM"
36,"ADI","workflow",0.0491799302399158,0.567589073502732,0,"ALE","GLM"
37,"ADI","workflow",0.0500297150015831,0.570704348499156,0,"ALE","GLM"
38,"ADI","workflow",0.05074119836092,0.573156716077827,0,"ALE","GLM"
39,"ADI","workflow",0.0514011982083321,0.575305251378754,0,"ALE","GLM"
40,"ADI","workflow",0.0521930233761668,0.57772322249443,0,"ALE","GLM"
41,"ADI","workflow",0.0528251349925995,0.579529002614482,0,"ALE","GLM"
42,"ADI","workflow",0.0535098619759083,0.581360952453339,0,"ALE","GLM"
43,"ADI","workflow",0.054130263403058,0.582909748785729,0,"ALE","GLM"
44,"ADI","workflow",0.0547615427151322,0.584377725976247,0,"ALE","GLM"
45,"ADI","workflow",0.0553405018150806,0.585628594880464,0,"ALE","GLM"
46,"ADI","workflow",0.0560396043583751,0.587017727881367,0,"ALE","GLM"
47,"ADI","workflow",0.0567577923834324,0.588306990522611,0,"ALE","GLM"
48,"ADI","workflow",0.05757956802845,0.589611423331323,0,"ALE","GLM"
49,"ADI","workflow",0.0583162644505501,0.590626267631658,0,"ALE","GLM"
50,"ADI","workflow",0.0589698174595833,0.591404557190153,0,"ALE","GLM"
51,"ADI","workflow",0.0596048198640347,0.592051070330706,0,"ALE","GLM"
52,"ADI","workflow",0.0602253698185086,0.592578570068285,0,"ALE","GLM"
53,"ADI","workflow",0.060954627096653,0.593066861231398,0,"ALE","GLM"
54,"ADI","workflow",0.0616347666457295,0.593394195900412,0,"ALE","GLM"
55,"ADI","workflow",0.0621507753431797,0.593560118726454,0,"ALE","GLM"
56,"ADI","workflow",0.0628547411412001,0.593671835327819,0,"ALE","GLM"
57,"ADI","workflow",0.063528693318367,0.593654815701,0,"ALE","GLM"
58,"ADI","workflow",0.0642569706588983,0.593500051376334,0,"ALE","GLM"
59,"ADI","workflow",0.0650855654478073,0.593151582257507,0,"ALE","GLM"
60,"ADI","workflow",0.0658782079070807,0.592646331729933,0,"ALE","GLM"
61,"ADI","workflow",0.0666819587349892,0.591962114770922,0,"ALE","GLM"
62,"ADI","workflow",0.0674295794218779,0.591170048513582,0,"ALE","GLM"
63,"ADI","workflow",0.0681923447549343,0.590207043078922,0,"ALE","GLM"
64,"ADI","workflow",0.0689014473557472,0.589171174384777,0,"ALE","GLM"
65,"ADI","workflow",0.0697022804617882,0.587837999002059,0,"ALE","GLM"
66,"ADI","workflow",0.0705546077340841,0.586228313458687,0,"ALE","GLM"
67,"ADI","workflow",0.0713651461899281,0.584514535819426,0,"ALE","GLM"
68,"ADI","workflow",0.0723033694922924,0.582307281026682,0,"ALE","GLM"
69,"ADI","workflow",0.0732017496228218,0.579968282175502,0,"ALE","GLM"
70,"ADI","workflow",0.0740051883459091,0.577689015392753,0,"ALE","GLM"
71,"ADI","workflow",0.0749609343707562,0.574746425318891,0,"ALE","GLM"
72,"ADI","workflow",0.075678938254714,0.572370053960646,0,"ALE","GLM"
73,"ADI","workflow",0.0767002490162849,0.568744172792257,0,"ALE","GLM"
74,"ADI","workflow",0.0777170298993587,0.564847065471848,0,"ALE","GLM"
75,"ADI","workflow",0.0786600898206234,0.560975693750816,0,"ALE","GLM"
76,"ADI","workflow",0.0796907916665077,0.556461496917302,0,"ALE","GLM"
77,"ADI","workflow",0.0807214131951332,0.551651860880699,0,"ALE","GLM"
78,"ADI","workflow",0.0816954082995653,0.546834700100464,0,"ALE","GLM"
79,"ADI","workflow",0.0828165698051453,0.540963458878571,0,"ALE","GLM"
80,"ADI","workflow",0.0838607636094093,0.535182050666075,0,"ALE","GLM"
81,"ADI","workflow",0.0850482374429703,0.528242536262312,0,"ALE","GLM"
82,"ADI","workflow",0.0863449271023273,0.520224964065209,0,"ALE","GLM"
83,"ADI","workflow",0.0874088442325592,0.513306791949691,0,"ALE","GLM"
84,"ADI","workflow",0.0887411597371102,0.504219402492619,0,"ALE","GLM"
85,"ADI","workflow",0.0900161826610565,0.495088733136659,0,"ALE","GLM"
86,"ADI","workflow",0.0911535490304232,0.486593874068096,0,"ALE","GLM"
87,"ADI","workflow",0.0926308637857437,0.475085695817478,0,"ALE","GLM"
88,"ADI","workflow",0.0940035497397184,0.463928603534198,0,"ALE","GLM"
89,"ADI","workflow",0.0957906427979469,0.448777129777953,0,"ALE","GLM"
90,"ADI","workflow",0.0975028724968433,0.433641281863224,0,"ALE","GLM"
91,"ADI","workflow",0.0995522871613503,0.414821937422651,0,"ALE","GLM"
92,"ADI","workflow",0.101843785271049,0.393015322522083,0,"ALE","GLM"
93,"ADI","workflow",0.103779453635216,0.374094794356518,0,"ALE","GLM"
94,"ADI","workflow",0.105784412249923,0.354174548347017,0,"ALE","GLM"
95,"ADI","workflow",0.108223508298397,0.329747403809964,0,"ALE","GLM"
96,"ADI","workflow",0.111334616690874,0.298771824046386,0,"ALE","GLM"
97,"ADI","workflow",0.114925660192966,0.264094123234111,0,"ALE","GLM"
98,"ADI","workflow",0.119033448398113,0.227100586139678,0,"ALE","GLM"
99,"ADI","workflow",0.125083916187286,0.180534116573329,0,"ALE","GLM"
100,"ADI","workflow",0.134717088490725,0.13013911380883,0,"ALE","GLM"
101,"ADI","workflow",0.194418743252754,0.10315875452649,0,"ALE","GLM"
102,"clay","workflow",4.78574705123901,0.500903236074,0,"ALE","GLM"
103,"clay","workflow",8.8725687122345,0.500903236074,0,"ALE","GLM"
104,"clay","workflow",9.50403095245361,0.500903236074,0,"ALE","GLM"
105,"clay","workflow",9.95711754798889,0.500903236074,0,"ALE","GLM"
106,"clay","workflow",10.2918291091919,0.500903236074,0,"ALE","GLM"
107,"clay","workflow",10.592195224762,0.500903236074,0,"ALE","GLM"
108,"clay","workflow",10.8521835327148,0.500903236074,0,"ALE","GLM"
109,"clay","workflow",11.1389297103882,0.500903236074,0,"ALE","GLM"
110,"clay","workflow",11.3991525268555,0.500903236074,0,"ALE","GLM"
111,"clay","workflow",11.6502867412567,0.500903236074,0,"ALE","GLM"
112,"clay","workflow",11.8556845664978,0.500903236074,0,"ALE","GLM"
113,"clay","workflow",12.0918058586121,0.500903236074,0,"ALE","GLM"
114,"clay","workflow",12.2729047393799,0.500903236074,0,"ALE","GLM"
115,"clay","workflow",12.4455301475525,0.500903236074,0,"ALE","GLM"
116,"clay","workflow",12.6255758666992,0.500903236074,0,"ALE","GLM"
117,"clay","workflow",12.7951908588409,0.500903236074,0,"ALE","GLM"
118,"clay","workflow",12.9678665924072,0.500903236074,0,"ALE","GLM"
119,"clay","workflow",13.1167421627045,0.500903236074,0,"ALE","GLM"
120,"clay","workflow",13.3130128860474,0.500903236074,0,"ALE","GLM"
121,"clay","workflow",13.5160030174255,0.500903236074,0,"ALE","GLM"
122,"clay","workflow",13.6947483062744,0.500903236074,0,"ALE","GLM"
123,"clay","workflow",13.8673497486114,0.500903236074,0,"ALE","GLM"
124,"clay","workflow",14.0118550109863,0.500903236074,0,"ALE","GLM"
125,"clay","workflow",14.1950583171844,0.500903236074,0,"ALE","GLM"
126,"clay","workflow",14.3521335220337,0.500903236074,0,"ALE","GLM"
127,"clay","workflow",14.5102746486664,0.500903236074,0,"ALE","GLM"
128,"clay","workflow",14.6611651802063,0.500903236074,0,"ALE","GLM"
129,"clay","workflow",14.8032030105591,0.500903236074,0,"ALE","GLM"
130,"clay","workflow",14.9294102096558,0.500903236074,0,"ALE","GLM"
131,"clay","workflow",15.0853464508057,0.500903236074,0,"ALE","GLM"
132,"clay","workflow",15.2231711387634,0.500903236074,0,"ALE","GLM"
133,"clay","workflow",15.3490769481659,0.500903236074,0,"ALE","GLM"
134,"clay","workflow",15.4838998413086,0.500903236074,0,"ALE","GLM"
135,"clay","workflow",15.600686416626,0.500903236074,0,"ALE","GLM"
136,"clay","workflow",15.7097824287415,0.500903236074,0,"ALE","GLM"
137,"clay","workflow",15.8074946880341,0.500903236074,0,"ALE","GLM"
138,"clay","workflow",15.9206245040894,0.500903236074,0,"ALE","GLM"
139,"clay","workflow",16.0172470474243,0.500903236074,0,"ALE","GLM"
140,"clay","workflow",16.1237544250488,0.500903236074,0,"ALE","GLM"
141,"clay","workflow",16.2400039100647,0.500903236074,0,"ALE","GLM"
142,"clay","workflow",16.3446918487549,0.500903236074,0,"ALE","GLM"
143,"clay","workflow",16.4431768608093,0.500903236074,0,"ALE","GLM"
144,"clay","workflow",16.5481090927124,0.500903236074,0,"ALE","GLM"
145,"clay","workflow",16.6270384597778,0.500903236074,0,"ALE","GLM"
146,"clay","workflow",16.72077003479,0.500903236074,0,"ALE","GLM"
147,"clay","workflow",16.8128336906433,0.500903236074,0,"ALE","GLM"
148,"clay","workflow",16.9087184143066,0.500903236074,0,"ALE","GLM"
149,"clay","workflow",16.9933626556397,0.500903236074,0,"ALE","GLM"
150,"clay","workflow",17.0827439117432,0.500903236074,0,"ALE","GLM"
151,"clay","workflow",17.1844807815552,0.500903236074,0,"ALE","GLM"
152,"clay","workflow",17.2862911224365,0.500903236074,0,"ALE","GLM"
153,"clay","workflow",17.3717978858948,0.500903236074,0,"ALE","GLM"
154,"clay","workflow",17.4548503112793,0.500903236074,0,"ALE","GLM"
155,"clay","workflow",17.5367932319641,0.500903236074,0,"ALE","GLM"
156,"clay","workflow",17.6209579849243,0.500903236074,0,"ALE","GLM"
157,"clay","workflow",17.7143934249878,0.500903236074,0,"ALE","GLM"
158,"clay","workflow",17.7946842193604,0.500903236074,0,"ALE","GLM"
159,"clay","workflow",17.8797360610962,0.500903236074,0,"ALE","GLM"
160,"clay","workflow",17.954898109436,0.500903236074,0,"ALE","GLM"
161,"clay","workflow",18.0326096916199,0.500903236074,0,"ALE","GLM"
162,"clay","workflow",18.1006061553955,0.500903236074,0,"ALE","GLM"
163,"clay","workflow",18.1834199905395,0.500903236074,0,"ALE","GLM"
164,"clay","workflow",18.2627898406982,0.500903236074,0,"ALE","GLM"
165,"clay","workflow",18.3522092437744,0.500903236074,0,"ALE","GLM"
166,"clay","workflow",18.4360974121094,0.500903236074,0,"ALE","GLM"
167,"clay","workflow",18.5222367286682,0.500903236074,0,"ALE","GLM"
168,"clay","workflow",18.5863591384888,0.500903236074,0,"ALE","GLM"
169,"clay","workflow",18.6542185020447,0.500903236074,0,"ALE","GLM"
170,"clay","workflow",18.7368740081787,0.500903236074,0,"ALE","GLM"
171,"clay","workflow",18.8172067832947,0.500903236074,0,"ALE","GLM"
172,"clay","workflow",18.9035930633545,0.500903236074,0,"ALE","GLM"
173,"clay","workflow",18.9825932693481,0.500903236074,0,"ALE","GLM"
174,"clay","workflow",19.077174987793,0.500903236074,0,"ALE","GLM"
175,"clay","workflow",19.1693369293213,0.500903236074,0,"ALE","GLM"
176,"clay","workflow",19.2714611434937,0.500903236074,0,"ALE","GLM"
177,"clay","workflow",19.367582321167,0.500903236074,0,"ALE","GLM"
178,"clay","workflow",19.4851114654541,0.500903236074,0,"ALE","GLM"
179,"clay","workflow",19.5753763389587,0.500903236074,0,"ALE","GLM"
180,"clay","workflow",19.6857120513916,0.500903236074,0,"ALE","GLM"
181,"clay","workflow",19.810229473114,0.500903236074,0,"ALE","GLM"
182,"clay","workflow",19.9455940246582,0.500903236074,0,"ALE","GLM"
183,"clay","workflow",20.0759379577637,0.500903236074,0,"ALE","GLM"
184,"clay","workflow",20.2483055877686,0.500903236074,0,"ALE","GLM"
185,"clay","workflow",20.4167504501343,0.500903236074,0,"ALE","GLM"
186,"clay","workflow",20.582693862915,0.500903236074,0,"ALE","GLM"
187,"clay","workflow",20.8029266357422,0.500903236074,0,"ALE","GLM"
188,"clay","workflow",21.0294248580933,0.500903236074,0,"ALE","GLM"
189,"clay","workflow",21.2984251213074,0.500903236074,0,"ALE","GLM"
190,"clay","workflow",21.5170510864258,0.500903236074,0,"ALE","GLM"
191,"clay","workflow",21.8188255882263,0.500903236074,0,"ALE","GLM"
192,"clay","workflow",22.1146818161011,0.500903236074,0,"ALE","GLM"
193,"clay","workflow",22.4733054542541,0.500903236074,0,"ALE","GLM"
194,"clay","workflow",22.7453710174561,0.500903236074,0,"ALE","GLM"
195,"clay","workflow",22.964573173523,0.500903236074,0,"ALE","GLM"
196,"clay","workflow",23.3768060684204,0.500903236074,0,"ALE","GLM"
197,"clay","workflow",23.9327152252197,0.500903236074,0,"ALE","GLM"
198,"clay","workflow",24.51465965271,0.500903236074,0,"ALE","GLM"
199,"clay","workflow",25.3090152168274,0.500903236074,0,"ALE","GLM"
200,"clay","workflow",26.2582009506226,0.500903236074,0,"ALE","GLM"
201,"clay","workflow",29.1779920768738,0.500903236074,0,"ALE","GLM"
202,"clay","workflow",50.8131561279297,0.500903236074,0,"ALE","GLM"
203,"GSPDD5","workflow",71.5827255249023,0.232500777373067,0,"ALE","GLM"
204,"GSPDD5","workflow",166.059286193848,0.333280603606557,0,"ALE","GLM"
205,"GSPDD5","workflow",185.154791870117,0.352761231321441,0,"ALE","GLM"
206,"GSPDD5","workflow",197.284925079346,0.364849934645203,0,"ALE","GLM"
207,"GSPDD5","workflow",210.404430541992,0.377639480329891,0,"ALE","GLM"
208,"GSPDD5","workflow",220.827765655518,0.387574748157683,0,"ALE","GLM"
209,"GSPDD5","workflow",229.83603515625,0.395990292108045,0,"ALE","GLM"
210,"GSPDD5","workflow",237.314934082031,0.402851970531107,0,"ALE","GLM"
211,"GSPDD5","workflow",242.020034179688,0.407109427417694,0,"ALE","GLM"
212,"GSPDD5","workflow",245.809624786377,0.410504323042882,0,"ALE","GLM"
213,"GSPDD5","workflow",250.185479736328,0.414385632364106,0,"ALE","GLM"
214,"GSPDD5","workflow",254.79227722168,0.418426410043817,0,"ALE","GLM"
215,"GSPDD5","workflow",258.256970214844,0.421434675766083,0,"ALE","GLM"
216,"GSPDD5","workflow",262.455622253418,0.425044044367891,0,"ALE","GLM"
217,"GSPDD5","workflow",265.768195800781,0.427863808358593,0,"ALE","GLM"
218,"GSPDD5","workflow",269.334194946289,0.430871363789227,0,"ALE","GLM"
219,"GSPDD5","workflow",272.395909423828,0.433430486104948,0,"ALE","GLM"
220,"GSPDD5","workflow",276.043948669434,0.436451385254011,0,"ALE","GLM"
221,"GSPDD5","workflow",279.208982543945,0.43904744951782,0,"ALE","GLM"
222,"GSPDD5","workflow",282.461248779297,0.441690770376364,0,"ALE","GLM"
223,"GSPDD5","workflow",285.399554443359,0.444057719685794,0,"ALE","GLM"
224,"GSPDD5","workflow",288.39249206543,0.446447846414772,0,"ALE","GLM"
225,"GSPDD5","workflow",291.576193237305,0.448967130935969,0,"ALE","GLM"
226,"GSPDD5","workflow",294.361940612793,0.451151940807374,0,"ALE","GLM"
227,"GSPDD5","workflow",297.200133056641,0.453358970433397,0,"ALE","GLM"
228,"GSPDD5","workflow",300.392593383789,0.455818558845695,0,"ALE","GLM"
229,"GSPDD5","workflow",303.300503540039,0.458037857546425,0,"ALE","GLM"
230,"GSPDD5","workflow",306.91050201416,0.460764770936826,0,"ALE","GLM"
231,"GSPDD5","workflow",310.638109130859,0.463547809620614,0,"ALE","GLM"
232,"GSPDD5","workflow",313.620368652344,0.465750546236328,0,"ALE","GLM"
233,"GSPDD5","workflow",316.625946044922,0.467948928802959,0,"ALE","GLM"
234,"GSPDD5","workflow",320.015084228516,0.470401780819108,0,"ALE","GLM"
235,"GSPDD5","workflow",324.105432128906,0.473325222315582,0,"ALE","GLM"
236,"GSPDD5","workflow",327.108403015137,0.47544609356607,0,"ALE","GLM"
237,"GSPDD5","workflow",330.369183959961,0.477724452288232,0,"ALE","GLM"
238,"GSPDD5","workflow",333.893583679199,0.480158216917435,0,"ALE","GLM"
239,"GSPDD5","workflow",336.891717529297,0.482205166337345,0,"ALE","GLM"
240,"GSPDD5","workflow",340.660914916992,0.484747763798574,0,"ALE","GLM"
241,"GSPDD5","workflow",343.816217041016,0.48685013712635,0,"ALE","GLM"
242,"GSPDD5","workflow",347.152532653809,0.489047126066848,0,"ALE","GLM"
243,"GSPDD5","workflow",351.206060791016,0.491680387589289,0,"ALE","GLM"
244,"GSPDD5","workflow",355.292217102051,0.494295086528755,0,"ALE","GLM"
245,"GSPDD5","workflow",358.682922973633,0.49643465228457,0,"ALE","GLM"
246,"GSPDD5","workflow",362.098834533691,0.49856243440275,0,"ALE","GLM"
247,"GSPDD5","workflow",366.604248046875,0.501326222790522,0,"ALE","GLM"
248,"GSPDD5","workflow",370.806547546387,0.50386078238766,0,"ALE","GLM"
249,"GSPDD5","workflow",375.606906738281,0.50670487787417,0,"ALE","GLM"
250,"GSPDD5","workflow",378.427149658203,0.508350770835538,0,"ALE","GLM"
251,"GSPDD5","workflow",381.744660644531,0.510262886301565,0,"ALE","GLM"
252,"GSPDD5","workflow",385.743977966309,0.512533595558482,0,"ALE","GLM"
253,"GSPDD5","workflow",390.011596679688,0.514915437501029,0,"ALE","GLM"
254,"GSPDD5","workflow",394.468738708496,0.517357843654057,0,"ALE","GLM"
255,"GSPDD5","workflow",399.477747802734,0.520047706024767,0,"ALE","GLM"
256,"GSPDD5","workflow",403.382274780273,0.522104578594851,0,"ALE","GLM"
257,"GSPDD5","workflow",407.328701171875,0.524148010216908,0,"ALE","GLM"
258,"GSPDD5","workflow",411.78908996582,0.526414695946734,0,"ALE","GLM"
259,"GSPDD5","workflow",416.305678710938,0.528663901272882,0,"ALE","GLM"
260,"GSPDD5","workflow",420.286159667969,0.530608005850345,0,"ALE","GLM"
261,"GSPDD5","workflow",423.303497924805,0.532058064211431,0,"ALE","GLM"
262,"GSPDD5","workflow",426.876164550781,0.533748556962467,0,"ALE","GLM"
263,"GSPDD5","workflow",430.195080566406,0.535293496502061,0,"ALE","GLM"
264,"GSPDD5","workflow",433.33103302002,0.536730797905272,0,"ALE","GLM"
265,"GSPDD5","workflow",436.574775390625,0.538194590328707,0,"ALE","GLM"
266,"GSPDD5","workflow",439.524010925293,0.539505376674298,0,"ALE","GLM"
267,"GSPDD5","workflow",442.655444335938,0.540876213333112,0,"ALE","GLM"
268,"GSPDD5","workflow",445.960092163086,0.542299596458069,0,"ALE","GLM"
269,"GSPDD5","workflow",448.905354003906,0.543548163234561,0,"ALE","GLM"
270,"GSPDD5","workflow",451.759410400391,0.544740110778523,0,"ALE","GLM"
271,"GSPDD5","workflow",454.918795166016,0.546039004810298,0,"ALE","GLM"
272,"GSPDD5","workflow",458.140790100098,0.547341492236382,0,"ALE","GLM"
273,"GSPDD5","workflow",461.00791015625,0.548481823703622,0,"ALE","GLM"
274,"GSPDD5","workflow",464.066344299316,0.5496788659946,0,"ALE","GLM"
275,"GSPDD5","workflow",467.198067626953,0.55088395346796,0,"ALE","GLM"
276,"GSPDD5","workflow",470.969945068359,0.55230771360107,0,"ALE","GLM"
277,"GSPDD5","workflow",474.99983581543,0.55379567481595,0,"ALE","GLM"
278,"GSPDD5","workflow",478.498161315918,0.555059760858063,0,"ALE","GLM"
279,"GSPDD5","workflow",481.912438964844,0.556268818491889,0,"ALE","GLM"
280,"GSPDD5","workflow",485.727940063477,0.557591224148434,0,"ALE","GLM"
281,"GSPDD5","workflow",490.144392700195,0.559084216838975,0,"ALE","GLM"
282,"GSPDD5","workflow",494.520132446289,0.560523826529908,0,"ALE","GLM"
283,"GSPDD5","workflow",498.9349609375,0.561936536660697,0,"ALE","GLM"
284,"GSPDD5","workflow",503.906192626953,0.56347970595995,0,"ALE","GLM"
285,"GSPDD5","workflow",509.603117675781,0.565186529548484,0,"ALE","GLM"
286,"GSPDD5","workflow",517.207890625,0.567363017949568,0,"ALE","GLM"
287,"GSPDD5","workflow",523.294047851562,0.569021840105932,0,"ALE","GLM"
288,"GSPDD5","workflow",531.864126586914,0.571233031108492,0,"ALE","GLM"
289,"GSPDD5","workflow",540.324958496094,0.573274522635522,0,"ALE","GLM"
290,"GSPDD5","workflow",550.803831176758,0.575609564297855,0,"ALE","GLM"
291,"GSPDD5","workflow",562.651154785156,0.57799438382822,0,"ALE","GLM"
292,"GSPDD5","workflow",572.242364501953,0.579728681711665,0,"ALE","GLM"
293,"GSPDD5","workflow",585.879162597656,0.581894104848525,0,"ALE","GLM"
294,"GSPDD5","workflow",601.524039916992,0.583947831729622,0,"ALE","GLM"
295,"GSPDD5","workflow",620.082678222656,0.585792341842811,0,"ALE","GLM"
296,"GSPDD5","workflow",643.136369018555,0.587195598725767,0,"ALE","GLM"
297,"GSPDD5","workflow",665.837291259766,0.587620153424938,0,"ALE","GLM"
298,"GSPDD5","workflow",689.307070922852,0.587061593035601,0,"ALE","GLM"
299,"GSPDD5","workflow",708.648305664062,0.58583805491664,0,"ALE","GLM"
300,"GSPDD5","workflow",728.06185180664,0.583914589554732,0,"ALE","GLM"
301,"GSPDD5","workflow",750.72171875,0.580785700968126,0,"ALE","GLM"
302,"GSPDD5","workflow",779.650238037109,0.575404817779546,0,"ALE","GLM"
303,"GSPDD5","workflow",926.077819824219,0.525154171362646,0,"ALE","GLM"
304,"hli","workflow",0.286246061325073,0.500903236074,0,"ALE","GLM"
305,"hli","workflow",0.459815021157265,0.500903236074,0,"ALE","GLM"
306,"hli","workflow",0.50479213476181,0.500903236074,0,"ALE","GLM"
307,"hli","workflow",0.530049207210541,0.500903236074,0,"ALE","GLM"
308,"hli","workflow",0.550714917182922,0.500903236074,0,"ALE","GLM"
309,"hli","workflow",0.568668654561043,0.500903236074,0,"ALE","GLM"
310,"hli","workflow",0.582670012712479,0.500903236074,0,"ALE","GLM"
311,"hli","workflow",0.595934845805168,0.500903236074,0,"ALE","GLM"
312,"hli","workflow",0.606554083824158,0.500903236074,0,"ALE","GLM"
313,"hli","workflow",0.616864804625511,0.500903236074,0,"ALE","GLM"
314,"hli","workflow",0.625359916687012,0.500903236074,0,"ALE","GLM"
315,"hli","workflow",0.633716262578964,0.500903236074,0,"ALE","GLM"
316,"hli","workflow",0.641771018505096,0.500903236074,0,"ALE","GLM"
317,"hli","workflow",0.647803907394409,0.500903236074,0,"ALE","GLM"
318,"hli","workflow",0.654213999509811,0.500903236074,0,"ALE","GLM"
319,"hli","workflow",0.660760399699211,0.500903236074,0,"ALE","GLM"
320,"hli","workflow",0.667444069385529,0.500903236074,0,"ALE","GLM"
321,"hli","workflow",0.673153174519539,0.500903236074,0,"ALE","GLM"
322,"hli","workflow",0.678544783592224,0.500903236074,0,"ALE","GLM"
323,"hli","workflow",0.682804396152496,0.500903236074,0,"ALE","GLM"
324,"hli","workflow",0.687196183204651,0.500903236074,0,"ALE","GLM"
325,"hli","workflow",0.691424707770347,0.500903236074,0,"ALE","GLM"
326,"hli","workflow",0.695478327274323,0.500903236074,0,"ALE","GLM"
327,"hli","workflow",0.699903017282486,0.500903236074,0,"ALE","GLM"
328,"hli","workflow",0.703529646396637,0.500903236074,0,"ALE","GLM"
329,"hli","workflow",0.707228511571884,0.500903236074,0,"ALE","GLM"
330,"hli","workflow",0.71075722694397,0.500903236074,0,"ALE","GLM"
331,"hli","workflow",0.714033842682838,0.500903236074,0,"ALE","GLM"
332,"hli","workflow",0.7172749376297,0.500903236074,0,"ALE","GLM"
333,"hli","workflow",0.721342148780823,0.500903236074,0,"ALE","GLM"
334,"hli","workflow",0.72477417588234,0.500903236074,0,"ALE","GLM"
335,"hli","workflow",0.727547610402107,0.500903236074,0,"ALE","GLM"
336,"hli","workflow",0.730215902328491,0.500903236074,0,"ALE","GLM"
337,"hli","workflow",0.732866585850716,0.500903236074,0,"ALE","GLM"
338,"hli","workflow",0.735505678653717,0.500903236074,0,"ALE","GLM"
339,"hli","workflow",0.73791084587574,0.500903236074,0,"ALE","GLM"
340,"hli","workflow",0.740481288433075,0.500903236074,0,"ALE","GLM"
341,"hli","workflow",0.742964081168175,0.500903236074,0,"ALE","GLM"
342,"hli","workflow",0.745468852519989,0.500903236074,0,"ALE","GLM"
343,"hli","workflow",0.74817448079586,0.500903236074,0,"ALE","GLM"
344,"hli","workflow",0.750548541545868,0.500903236074,0,"ALE","GLM"
345,"hli","workflow",0.752771124243736,0.500903236074,0,"ALE","GLM"
346,"hli","workflow",0.755238165855408,0.500903236074,0,"ALE","GLM"
347,"hli","workflow",0.75750083565712,0.500903236074,0,"ALE","GLM"
348,"hli","workflow",0.759417481422424,0.500903236074,0,"ALE","GLM"
349,"hli","workflow",0.761299878358841,0.500903236074,0,"ALE","GLM"
350,"hli","workflow",0.763526494503021,0.500903236074,0,"ALE","GLM"
351,"hli","workflow",0.765569267868996,0.500903236074,0,"ALE","GLM"
352,"hli","workflow",0.767900187969208,0.500903236074,0,"ALE","GLM"
353,"hli","workflow",0.770258859992027,0.500903236074,0,"ALE","GLM"
354,"hli","workflow",0.772530436515808,0.500903236074,0,"ALE","GLM"
355,"hli","workflow",0.774664989113808,0.500903236074,0,"ALE","GLM"
356,"hli","workflow",0.777184145450592,0.500903236074,0,"ALE","GLM"
357,"hli","workflow",0.779438722729683,0.500903236074,0,"ALE","GLM"
358,"hli","workflow",0.781772263050079,0.500903236074,0,"ALE","GLM"
359,"hli","workflow",0.784055450558662,0.500903236074,0,"ALE","GLM"
360,"hli","workflow",0.786403877735138,0.500903236074,0,"ALE","GLM"
361,"hli","workflow",0.788849089741707,0.500903236074,0,"ALE","GLM"
362,"hli","workflow",0.791432281732559,0.500903236074,0,"ALE","GLM"
363,"hli","workflow",0.793559479117393,0.500903236074,0,"ALE","GLM"
364,"hli","workflow",0.79617235660553,0.500903236074,0,"ALE","GLM"
365,"hli","workflow",0.798550488948822,0.500903236074,0,"ALE","GLM"
366,"hli","workflow",0.801226080656052,0.500903236074,0,"ALE","GLM"
367,"hli","workflow",0.803902129530907,0.500903236074,0,"ALE","GLM"
368,"hli","workflow",0.806562185287476,0.500903236074,0,"ALE","GLM"
369,"hli","workflow",0.809523177146912,0.500903236074,0,"ALE","GLM"
370,"hli","workflow",0.812087525129318,0.500903236074,0,"ALE","GLM"
371,"hli","workflow",0.814754877686501,0.500903236074,0,"ALE","GLM"
372,"hli","workflow",0.817353625297546,0.500903236074,0,"ALE","GLM"
373,"hli","workflow",0.820269164443016,0.500903236074,0,"ALE","GLM"
374,"hli","workflow",0.823066502809525,0.500903236074,0,"ALE","GLM"
375,"hli","workflow",0.826041780114174,0.500903236074,0,"ALE","GLM"
376,"hli","workflow",0.830009529590607,0.500903236074,0,"ALE","GLM"
377,"hli","workflow",0.83321838259697,0.500903236074,0,"ALE","GLM"
378,"hli","workflow",0.836795717477798,0.500903236074,0,"ALE","GLM"
379,"hli","workflow",0.840199261903763,0.500903236074,0,"ALE","GLM"
380,"hli","workflow",0.843582837581634,0.500903236074,0,"ALE","GLM"
381,"hli","workflow",0.846486241221428,0.500903236074,0,"ALE","GLM"
382,"hli","workflow",0.849676172733307,0.500903236074,0,"ALE","GLM"
383,"hli","workflow",0.853267040252686,0.500903236074,0,"ALE","GLM"
384,"hli","workflow",0.856864356994629,0.500903236074,0,"ALE","GLM"
385,"hli","workflow",0.860435580611229,0.500903236074,0,"ALE","GLM"
386,"hli","workflow",0.864154651165009,0.500903236074,0,"ALE","GLM"
387,"hli","workflow",0.868068553805351,0.500903236074,0,"ALE","GLM"
388,"hli","workflow",0.871985652446747,0.500903236074,0,"ALE","GLM"
389,"hli","workflow",0.876547265052795,0.500903236074,0,"ALE","GLM"
390,"hli","workflow",0.881177682876587,0.500903236074,0,"ALE","GLM"
391,"hli","workflow",0.885632025003433,0.500903236074,0,"ALE","GLM"
392,"hli","workflow",0.89011137008667,0.500903236074,0,"ALE","GLM"
393,"hli","workflow",0.89531573176384,0.500903236074,0,"ALE","GLM"
394,"hli","workflow",0.901135492324829,0.500903236074,0,"ALE","GLM"
395,"hli","workflow",0.907311358451843,0.500903236074,0,"ALE","GLM"
396,"hli","workflow",0.91281436920166,0.500903236074,0,"ALE","GLM"
397,"hli","workflow",0.918772085309029,0.500903236074,0,"ALE","GLM"
398,"hli","workflow",0.924053449630737,0.500903236074,0,"ALE","GLM"
399,"hli","workflow",0.931786906719208,0.500903236074,0,"ALE","GLM"
400,"hli","workflow",0.938876850605011,0.500903236074,0,"ALE","GLM"
401,"hli","workflow",0.94737401843071,0.500903236074,0,"ALE","GLM"
402,"hli","workflow",0.955228250026703,0.500903236074,0,"ALE","GLM"
403,"hli","workflow",0.966211089491844,0.500903236074,0,"ALE","GLM"
404,"hli","workflow",0.996352076530457,0.500903236074,0,"ALE","GLM"
405,"OM","workflow",-1.24998950958252,0.137816341698459,0,"ALE","GLM"
406,"OM","workflow",-0.114178167656064,0.351541198233687,0,"ALE","GLM"
407,"OM","workflow",-0.0570071706175804,0.365990016643031,0,"ALE","GLM"
408,"OM","workflow",-0.0212380439415574,0.375175643200339,0,"ALE","GLM"
409,"OM","workflow",-0.000969362831674514,0.380426442476717,0,"ALE","GLM"
410,"OM","workflow",0.0258024795912206,0.387415215637808,0,"ALE","GLM"
411,"OM","workflow",0.0517624247819185,0.394244625107172,0,"ALE","GLM"
412,"OM","workflow",0.0750000029802322,0.400398589912246,0,"ALE","GLM"
413,"OM","workflow",0.0892535483837128,0.404190359380171,0,"ALE","GLM"
414,"OM","workflow",0.109824919998646,0.409687187311642,0,"ALE","GLM"
415,"OM","workflow",0.129066029191017,0.414851686348965,0,"ALE","GLM"
416,"OM","workflow",0.145678804665804,0.419327372912622,0,"ALE","GLM"
417,"OM","workflow",0.162350938916206,0.423833961104709,0,"ALE","GLM"
418,"OM","workflow",0.177318747639656,0.427891580581091,0,"ALE","GLM"
419,"OM","workflow",0.190301909446716,0.431419564292478,0,"ALE","GLM"
420,"OM","workflow",0.202591834962368,0.434766028080236,0,"ALE","GLM"
421,"OM","workflow",0.211931396126747,0.437313173263939,0,"ALE","GLM"
422,"OM","workflow",0.219597144275904,0.439406345564188,0,"ALE","GLM"
423,"OM","workflow",0.229445030987263,0.442098828450765,0,"ALE","GLM"
424,"OM","workflow",0.237583472430706,0.444326503098287,0,"ALE","GLM"
425,"OM","workflow",0.24677346944809,0.446844835872764,0,"ALE","GLM"
426,"OM","workflow",0.255621319413185,0.449271998549314,0,"ALE","GLM"
427,"OM","workflow",0.263657992482185,0.451478685395283,0,"ALE","GLM"
428,"OM","workflow",0.272203206121922,0.453827094921661,0,"ALE","GLM"
429,"OM","workflow",0.280052769184113,0.455986045220561,0,"ALE","GLM"
430,"OM","workflow",0.287396408617496,0.458007250965697,0,"ALE","GLM"
431,"OM","workflow",0.294622776508331,0.459997439559248,0,"ALE","GLM"
432,"OM","workflow",0.304246765375137,0.462649904959444,0,"ALE","GLM"
433,"OM","workflow",0.312414828538895,0.464902516207757,0,"ALE","GLM"
434,"OM","workflow",0.31920301347971,0.466775474217523,0,"ALE","GLM"
435,"OM","workflow",0.325462564826012,0.468503258385592,0,"ALE","GLM"
436,"OM","workflow",0.332717105150223,0.470506499712853,0,"ALE","GLM"
437,"OM","workflow",0.338892821073532,0.472212395023696,0,"ALE","GLM"
438,"OM","workflow",0.346379636526108,0.474281165057162,0,"ALE","GLM"
439,"OM","workflow",0.353481348156929,0.476244095599655,0,"ALE","GLM"
440,"OM","workflow",0.36094541400671,0.47830772836489,0,"ALE","GLM"
441,"OM","workflow",0.36761633515358,0.48015243644071,0,"ALE","GLM"
442,"OM","workflow",0.37526563256979,0.482268101159245,0,"ALE","GLM"
443,"OM","workflow",0.382771461009979,0.484344370506439,0,"ALE","GLM"
444,"OM","workflow",0.389509371817112,0.486208362215426,0,"ALE","GLM"
445,"OM","workflow",0.395623052120209,0.48789972930484,0,"ALE","GLM"
446,"OM","workflow",0.40186852812767,0.489627591070487,0,"ALE","GLM"
447,"OM","workflow",0.408136213421822,0.491361575091889,0,"ALE","GLM"
448,"OM","workflow",0.414912610948086,0.493236226117698,0,"ALE","GLM"
449,"OM","workflow",0.420740163326263,0.494848237927094,0,"ALE","GLM"
450,"OM","workflow",0.424935677647591,0.496008672017434,0,"ALE","GLM"
451,"OM","workflow",0.430156244635582,0.497452511583269,0,"ALE","GLM"
452,"OM","workflow",0.435042375326157,0.498803687309423,0,"ALE","GLM"
453,"OM","workflow",0.440369516611099,0.500276618074988,0,"ALE","GLM"
454,"OM","workflow",0.446491064429283,0.501968908998068,0,"ALE","GLM"
455,"OM","workflow",0.452304631471634,0.503575702491323,0,"ALE","GLM"
456,"OM","workflow",0.457058817148209,0.504889394499169,0,"ALE","GLM"
457,"OM","workflow",0.463107476234436,0.506560404573013,0,"ALE","GLM"
458,"OM","workflow",0.46900766402483,0.508189915105572,0,"ALE","GLM"
459,"OM","workflow",0.473780418038368,0.509507655600261,0,"ALE","GLM"
460,"OM","workflow",0.48029400408268,0.511305487694904,0,"ALE","GLM"
461,"OM","workflow",0.485487736463547,0.512738478438451,0,"ALE","GLM"
462,"OM","workflow",0.491882525980473,0.51450219503942,0,"ALE","GLM"
463,"OM","workflow",0.497146093845367,0.515953294403632,0,"ALE","GLM"
464,"OM","workflow",0.501827384829521,0.517243376858267,0,"ALE","GLM"
465,"OM","workflow",0.507436406612396,0.518788514067454,0,"ALE","GLM"
466,"OM","workflow",0.513482629656792,0.520453289534421,0,"ALE","GLM"
467,"OM","workflow",0.517932109832764,0.521677833463195,0,"ALE","GLM"
468,"OM","workflow",0.523027291297913,0.523079480980466,0,"ALE","GLM"
469,"OM","workflow",0.528611843585968,0.52461497947885,0,"ALE","GLM"
470,"OM","workflow",0.53301847577095,0.525825991210925,0,"ALE","GLM"
471,"OM","workflow",0.53971044421196,0.5276640391718,0,"ALE","GLM"
472,"OM","workflow",0.545667926669121,0.5292992276101,0,"ALE","GLM"
473,"OM","workflow",0.551994943618774,0.531034654815322,0,"ALE","GLM"
474,"OM","workflow",0.558455852270126,0.53280548558265,0,"ALE","GLM"
475,"OM","workflow",0.564769399166107,0.53453458092354,0,"ALE","GLM"
476,"OM","workflow",0.57266096830368,0.536693931384659,0,"ALE","GLM"
477,"OM","workflow",0.58001147031784,0.538703196490912,0,"ALE","GLM"
478,"OM","workflow",0.586956971287727,0.540599880074503,0,"ALE","GLM"
479,"OM","workflow",0.595871064662933,0.543031410917013,0,"ALE","GLM"
480,"OM","workflow",0.603836119174957,0.545201315589054,0,"ALE","GLM"
481,"OM","workflow",0.610898461341858,0.547123040324679,0,"ALE","GLM"
482,"OM","workflow",0.617218617200852,0.548840954897186,0,"ALE","GLM"
483,"OM","workflow",0.623377411365509,0.550513280034899,0,"ALE","GLM"
484,"OM","workflow",0.631018593907356,0.552585700168154,0,"ALE","GLM"
485,"OM","workflow",0.638379180431366,0.554579385864529,0,"ALE","GLM"
486,"OM","workflow",0.64666649222374,0.556820907436736,0,"ALE","GLM"
487,"OM","workflow",0.656340781450272,0.559433177897516,0,"ALE","GLM"
488,"OM","workflow",0.668269112110138,0.562647327837836,0,"ALE","GLM"
489,"OM","workflow",0.6782120013237,0.565320540682457,0,"ALE","GLM"
490,"OM","workflow",0.687670958042145,0.567858456654977,0,"ALE","GLM"
491,"OM","workflow",0.699675025939941,0.571071726802761,0,"ALE","GLM"
492,"OM","workflow",0.713281506896019,0.574703378651397,0,"ALE","GLM"
493,"OM","workflow",0.7248859167099,0.577791478101823,0,"ALE","GLM"
494,"OM","workflow",0.739405816197395,0.581643063517041,0,"ALE","GLM"
495,"OM","workflow",0.754850947856903,0.585724430421163,0,"ALE","GLM"
496,"OM","workflow",0.775412999391556,0.591131768844591,0,"ALE","GLM"
497,"OM","workflow",0.792388296127319,0.595572518766051,0,"ALE","GLM"
498,"OM","workflow",0.813149679899216,0.600973591003384,0,"ALE","GLM"
499,"OM","workflow",0.836637547016144,0.607042319431839,0,"ALE","GLM"
500,"OM","workflow",0.861523333191872,0.613421897743322,0,"ALE","GLM"
501,"OM","workflow",0.889677004814147,0.620573795503362,0,"ALE","GLM"
502,"OM","workflow",0.926613247394561,0.629845712747125,0,"ALE","GLM"
503,"OM","workflow",0.977169107198715,0.64231999452211,0,"ALE","GLM"
504,"OM","workflow",1.04015288472176,0.657488683285735,0,"ALE","GLM"
505,"OM","workflow",1.54962706565857,0.761351917205772,0,"ALE","GLM"
506,"PRATIO","workflow",0.326286375522614,0.740097790227926,0,"ALE","GLM"
507,"PRATIO","workflow",0.364584320783615,0.705363089593368,0,"ALE","GLM"
508,"PRATIO","workflow",0.379066008329392,0.690950635919602,0,"ALE","GLM"
509,"PRATIO","workflow",0.386461151540279,0.683311315170165,0,"ALE","GLM"
510,"PRATIO","workflow",0.39117405295372,0.678343110872546,0,"ALE","GLM"
511,"PRATIO","workflow",0.396626648306847,0.672497649957284,0,"ALE","GLM"
512,"PRATIO","workflow",0.400903986096382,0.667838696403157,0,"ALE","GLM"
513,"PRATIO","workflow",0.405181890428066,0.66311434548389,0,"ALE","GLM"
514,"PRATIO","workflow",0.408414475917816,0.659501397748425,0,"ALE","GLM"
515,"PRATIO","workflow",0.4118797275424,0.655587230666548,0,"ALE","GLM"
516,"PRATIO","workflow",0.414799764752388,0.65225585072102,0,"ALE","GLM"
517,"PRATIO","workflow",0.417475706636906,0.649176408897876,0,"ALE","GLM"
518,"PRATIO","workflow",0.419894951581955,0.646370541434569,0,"ALE","GLM"
519,"PRATIO","workflow",0.422331132590771,0.643524103355473,0,"ALE","GLM"
520,"PRATIO","workflow",0.424690200090408,0.640747782485251,0,"ALE","GLM"
521,"PRATIO","workflow",0.426825104653835,0.638218357608772,0,"ALE","GLM"
522,"PRATIO","workflow",0.429351341724396,0.635204558502073,0,"ALE","GLM"
523,"PRATIO","workflow",0.43144028365612,0.6326955343063,0,"ALE","GLM"
524,"PRATIO","workflow",0.433528403639793,0.630172228494245,0,"ALE","GLM"
525,"PRATIO","workflow",0.435782164335251,0.62743167980881,0,"ALE","GLM"
526,"PRATIO","workflow",0.438140618801117,0.62454490352273,0,"ALE","GLM"
527,"PRATIO","workflow",0.440366813540459,0.621802330725939,0,"ALE","GLM"
528,"PRATIO","workflow",0.442600865364075,0.619032886111025,0,"ALE","GLM"
529,"PRATIO","workflow",0.444881338477135,0.616188213821733,0,"ALE","GLM"
530,"PRATIO","workflow",0.44722193479538,0.613250062189865,0,"ALE","GLM"
531,"PRATIO","workflow",0.449727177619934,0.610084606862626,0,"ALE","GLM"
532,"PRATIO","workflow",0.451901742219925,0.607319784319392,0,"ALE","GLM"
533,"PRATIO","workflow",0.453899801671505,0.604765381859918,0,"ALE","GLM"
534,"PRATIO","workflow",0.455896977186203,0.602198800256474,0,"ALE","GLM"
535,"PRATIO","workflow",0.457730460166931,0.599830933625277,0,"ALE","GLM"
536,"PRATIO","workflow",0.45968371629715,0.597296206039488,0,"ALE","GLM"
537,"PRATIO","workflow",0.461371358633041,0.595096100364711,0,"ALE","GLM"
538,"PRATIO","workflow",0.463238981962204,0.592650575471979,0,"ALE","GLM"
539,"PRATIO","workflow",0.464983029067516,0.590356692900063,0,"ALE","GLM"
540,"PRATIO","workflow",0.467008885145187,0.587679937664375,0,"ALE","GLM"
541,"PRATIO","workflow",0.468859553337097,0.585223250224399,0,"ALE","GLM"
542,"PRATIO","workflow",0.470851274728775,0.582567275752443,0,"ALE","GLM"
543,"PRATIO","workflow",0.472499673366547,0.580359737863302,0,"ALE","GLM"
544,"PRATIO","workflow",0.474290093779564,0.57795248454903,0,"ALE","GLM"
545,"PRATIO","workflow",0.476403371095657,0.575098525238125,0,"ALE","GLM"
546,"PRATIO","workflow",0.478850269317627,0.57177714276971,0,"ALE","GLM"
547,"PRATIO","workflow",0.481049016714096,0.568777296397332,0,"ALE","GLM"
548,"PRATIO","workflow",0.483619848489761,0.56525177026759,0,"ALE","GLM"
549,"PRATIO","workflow",0.486011855602264,0.561954220894332,0,"ALE","GLM"
550,"PRATIO","workflow",0.4883573615551,0.558704899523376,0,"ALE","GLM"
551,"PRATIO","workflow",0.490164461731911,0.556190838624443,0,"ALE","GLM"
552,"PRATIO","workflow",0.491885660886764,0.553787852868211,0,"ALE","GLM"
553,"PRATIO","workflow",0.494231640696526,0.550499669266344,0,"ALE","GLM"
554,"PRATIO","workflow",0.496484880447388,0.547327545108133,0,"ALE","GLM"
555,"PRATIO","workflow",0.498554812073708,0.544401663726524,0,"ALE","GLM"
556,"PRATIO","workflow",0.500773727893829,0.541252917870465,0,"ALE","GLM"
557,"PRATIO","workflow",0.503376363515854,0.537543868804399,0,"ALE","GLM"
558,"PRATIO","workflow",0.505796668529511,0.53407960863358,0,"ALE","GLM"
559,"PRATIO","workflow",0.508471014499664,0.530235412183767,0,"ALE","GLM"
560,"PRATIO","workflow",0.510662142038345,0.527073220950019,0,"ALE","GLM"
561,"PRATIO","workflow",0.513506555557251,0.522952138136025,0,"ALE","GLM"
562,"PRATIO","workflow",0.51681262254715,0.518140049437822,0,"ALE","GLM"
563,"PRATIO","workflow",0.519727799296379,0.513877652462267,0,"ALE","GLM"
564,"PRATIO","workflow",0.522446143627167,0.509887495684754,0,"ALE","GLM"
565,"PRATIO","workflow",0.525352382063866,0.505605773426911,0,"ALE","GLM"
566,"PRATIO","workflow",0.528081369400024,0.501570887226584,0,"ALE","GLM"
567,"PRATIO","workflow",0.531785037517548,0.496074561271537,0,"ALE","GLM"
568,"PRATIO","workflow",0.535114380121231,0.49111427565376,0,"ALE","GLM"
569,"PRATIO","workflow",0.539176572561264,0.485039764197841,0,"ALE","GLM"
570,"PRATIO","workflow",0.542261874675751,0.480410070269387,0,"ALE","GLM"
571,"PRATIO","workflow",0.545991426706314,0.474797833636127,0,"ALE","GLM"
572,"PRATIO","workflow",0.550120624303818,0.468565923912045,0,"ALE","GLM"
573,"PRATIO","workflow",0.554484656453133,0.461961324706893,0,"ALE","GLM"
574,"PRATIO","workflow",0.558905382156372,0.45525474116485,0,"ALE","GLM"
575,"PRATIO","workflow",0.563301059007645,0.448573168017137,0,"ALE","GLM"
576,"PRATIO","workflow",0.566821026802063,0.44321486547063,0,"ALE","GLM"
577,"PRATIO","workflow",0.570438908338547,0.437702930811877,0,"ALE","GLM"
578,"PRATIO","workflow",0.573442494869232,0.433124165747969,0,"ALE","GLM"
579,"PRATIO","workflow",0.578235176801681,0.425818841175204,0,"ALE","GLM"
580,"PRATIO","workflow",0.582763390541077,0.418918278363671,0,"ALE","GLM"
581,"PRATIO","workflow",0.588114857673645,0.410772070326549,0,"ALE","GLM"
582,"PRATIO","workflow",0.593135044574738,0.403142562935588,0,"ALE","GLM"
583,"PRATIO","workflow",0.598190057873726,0.395478120346693,0,"ALE","GLM"
584,"PRATIO","workflow",0.605486974716187,0.38446178500159,0,"ALE","GLM"
585,"PRATIO","workflow",0.613233594894409,0.372838328071066,0,"ALE","GLM"
586,"PRATIO","workflow",0.620373094081879,0.362204675025415,0,"ALE","GLM"
587,"PRATIO","workflow",0.62841558277607,0.350338679624579,0,"ALE","GLM"
588,"PRATIO","workflow",0.63459846496582,0.341304134429231,0,"ALE","GLM"
589,"PRATIO","workflow",0.640666016936302,0.332524350419677,0,"ALE","GLM"
590,"PRATIO","workflow",0.647029800415039,0.323417209987355,0,"ALE","GLM"
591,"PRATIO","workflow",0.652877706289291,0.31514574902055,0,"ALE","GLM"
592,"PRATIO","workflow",0.660035378932953,0.305162377400353,0,"ALE","GLM"
593,"PRATIO","workflow",0.66572624027729,0.297337847370212,0,"ALE","GLM"
594,"PRATIO","workflow",0.67303190946579,0.287455306240833,0,"ALE","GLM"
595,"PRATIO","workflow",0.679848256111145,0.278403544274643,0,"ALE","GLM"
596,"PRATIO","workflow",0.686471325159073,0.269772789243672,0,"ALE","GLM"
597,"PRATIO","workflow",0.69268221616745,0.261832024346162,0,"ALE","GLM"
598,"PRATIO","workflow",0.69790854215622,0.255267836456507,0,"ALE","GLM"
599,"PRATIO","workflow",0.703745517730713,0.248069379022623,0,"ALE","GLM"
600,"PRATIO","workflow",0.710075554847717,0.240424600588188,0,"ALE","GLM"
601,"PRATIO","workflow",0.715800079703331,0.233658090817194,0,"ALE","GLM"
602,"PRATIO","workflow",0.72284740447998,0.225525608752733,0,"ALE","GLM"
603,"PRATIO","workflow",0.730511476397514,0.216931988306946,0,"ALE","GLM"
604,"PRATIO","workflow",0.74292696595192,0.203578118191204,0,"ALE","GLM"
605,"PRATIO","workflow",0.758896772861481,0.187439176934397,0,"ALE","GLM"
606,"PRATIO","workflow",0.799572348594666,0.151576824658315,0,"ALE","GLM"
607,"RH","workflow",38.6966285705566,0.31181706343815,0,"ALE","GLM"
608,"RH","workflow",42.5261520004272,0.416359627092938,0,"ALE","GLM"
609,"RH","workflow",43.2462159729004,0.43275899152192,0,"ALE","GLM"
610,"RH","workflow",43.7573014831543,0.443658173422487,0,"ALE","GLM"
611,"RH","workflow",44.3213403320313,0.454948442866136,0,"ALE","GLM"
612,"RH","workflow",44.678281211853,0.461674696248689,0,"ALE","GLM"
613,"RH","workflow",45.1480674743652,0.47003034262503,0,"ALE","GLM"
614,"RH","workflow",45.5616289901733,0.476906378224245,0,"ALE","GLM"
615,"RH","workflow",45.9006280517578,0.48220323311191,0,"ALE","GLM"
616,"RH","workflow",46.0741260910034,0.484794163421895,0,"ALE","GLM"
617,"RH","workflow",46.3362373352051,0.488555932061492,0,"ALE","GLM"
618,"RH","workflow",46.5869554519653,0.491980652287143,0,"ALE","GLM"
619,"RH","workflow",46.8234658813477,0.495055164479663,0,"ALE","GLM"
620,"RH","workflow",47.0571827697754,0.497944087295173,0,"ALE","GLM"
621,"RH","workflow",47.2489492797852,0.500203186488438,0,"ALE","GLM"
622,"RH","workflow",47.4387245178223,0.502340086239001,0,"ALE","GLM"
623,"RH","workflow",47.6250942993164,0.504342901726663,0,"ALE","GLM"
624,"RH","workflow",47.7906756210327,0.506042575707248,0,"ALE","GLM"
625,"RH","workflow",47.9723494720459,0.507821176941866,0,"ALE","GLM"
626,"RH","workflow",48.100703163147,0.509023155208622,0,"ALE","GLM"
627,"RH","workflow",48.3082443237305,0.510871469126695,0,"ALE","GLM"
628,"RH","workflow",48.4543468475342,0.512101646964455,0,"ALE","GLM"
629,"RH","workflow",48.6149597167969,0.513386478350953,0,"ALE","GLM"
630,"RH","workflow",48.7700469970703,0.514559926046757,0,"ALE","GLM"
631,"RH","workflow",48.909143371582,0.515556198814351,0,"ALE","GLM"
632,"RH","workflow",49.0649852752686,0.516609352077152,0,"ALE","GLM"
633,"RH","workflow",49.2152703857422,0.517561780276865,0,"ALE","GLM"
634,"RH","workflow",49.3469875335693,0.518345503144198,0,"ALE","GLM"
635,"RH","workflow",49.468334197998,0.519025334640594,0,"ALE","GLM"
636,"RH","workflow",49.5773113632202,0.51960137871567,0,"ALE","GLM"
637,"RH","workflow",49.7003284454346,0.520212443431319,0,"ALE","GLM"
638,"RH","workflow",49.8116591644287,0.52072960015011,0,"ALE","GLM"
639,"RH","workflow",49.9197816467285,0.521199243901702,0,"ALE","GLM"
640,"RH","workflow",50.0383158111572,0.521677192226522,0,"ALE","GLM"
641,"RH","workflow",50.1398205566406,0.522055760624455,0,"ALE","GLM"
642,"RH","workflow",50.2629137039185,0.522476843733286,0,"ALE","GLM"
643,"RH","workflow",50.3749882507324,0.522823978993548,0,"ALE","GLM"
644,"RH","workflow",50.4852802658081,0.523131853504895,0,"ALE","GLM"
645,"RH","workflow",50.600671005249,0.523418128452073,0,"ALE","GLM"
646,"RH","workflow",50.7323245239258,0.523699987511651,0,"ALE","GLM"
647,"RH","workflow",50.8311111450195,0.523880127459756,0,"ALE","GLM"
648,"RH","workflow",50.9229160308838,0.52402343486483,0,"ALE","GLM"
649,"RH","workflow",51.000550994873,0.52412649758811,0,"ALE","GLM"
650,"RH","workflow",51.092288017273,0.524226870030618,0,"ALE","GLM"
651,"RH","workflow",51.1945756530762,0.524311426676953,0,"ALE","GLM"
652,"RH","workflow",51.3209112167358,0.524376028072747,0,"ALE","GLM"
653,"RH","workflow",51.4484178924561,0.524396563129256,0,"ALE","GLM"
654,"RH","workflow",51.5494288635254,0.524380960143054,0,"ALE","GLM"
655,"RH","workflow",51.6546815490723,0.524334711104543,0,"ALE","GLM"
656,"RH","workflow",51.7531528091431,0.524263714778037,0,"ALE","GLM"
657,"RH","workflow",51.840368270874,0.524178439201221,0,"ALE","GLM"
658,"RH","workflow",51.9280794525147,0.524071450437701,0,"ALE","GLM"
659,"RH","workflow",51.9995683288574,0.523968496778214,0,"ALE","GLM"
660,"RH","workflow",52.0697362518311,0.523853680103455,0,"ALE","GLM"
661,"RH","workflow",52.1549407196045,0.523695913818864,0,"ALE","GLM"
662,"RH","workflow",52.2613843917847,0.52347053390132,0,"ALE","GLM"
663,"RH","workflow",52.3445693969727,0.523272522430612,0,"ALE","GLM"
664,"RH","workflow",52.4312298965454,0.523045805129482,0,"ALE","GLM"
665,"RH","workflow",52.5047340393066,0.522837157534075,0,"ALE","GLM"
666,"RH","workflow",52.6031528091431,0.522534263106096,0,"ALE","GLM"
667,"RH","workflow",52.6982208251953,0.522216098112048,0,"ALE","GLM"
668,"RH","workflow",52.781428642273,0.521916982252747,0,"ALE","GLM"
669,"RH","workflow",52.8536059570312,0.521641901082318,0,"ALE","GLM"
670,"RH","workflow",52.9282299423218,0.521342226762866,0,"ALE","GLM"
671,"RH","workflow",52.9876750183105,0.521092397471959,0,"ALE","GLM"
672,"RH","workflow",53.0699207305908,0.520730475521855,0,"ALE","GLM"
673,"RH","workflow",53.1703924560547,0.520262707334501,0,"ALE","GLM"
674,"RH","workflow",53.2518423461914,0.519862798679063,0,"ALE","GLM"
675,"RH","workflow",53.3347424316406,0.519436713308441,0,"ALE","GLM"
676,"RH","workflow",53.437516784668,0.518881757594655,0,"ALE","GLM"
677,"RH","workflow",53.5357479095459,0.518323672048402,0,"ALE","GLM"
678,"RH","workflow",53.6308535766602,0.517757558077893,0,"ALE","GLM"
679,"RH","workflow",53.7482275390625,0.517023867637807,0,"ALE","GLM"
680,"RH","workflow",53.8459230041504,0.516383668549943,0,"ALE","GLM"
681,"RH","workflow",53.944986114502,0.515707086601757,0,"ALE","GLM"
682,"RH","workflow",54.0478792190552,0.514975082232285,0,"ALE","GLM"
683,"RH","workflow",54.166460723877,0.514094432566871,0,"ALE","GLM"
684,"RH","workflow",54.2938647842407,0.513104021558749,0,"ALE","GLM"
685,"RH","workflow",54.408664855957,0.512172306771618,0,"ALE","GLM"
686,"RH","workflow",54.514993095398,0.511276088479552,0,"ALE","GLM"
687,"RH","workflow",54.6268821716309,0.510298410167291,0,"ALE","GLM"
688,"RH","workflow",54.7483712768555,0.509196631955161,0,"ALE","GLM"
689,"RH","workflow",54.8715721893311,0.50803652577983,0,"ALE","GLM"
690,"RH","workflow",54.9867092895508,0.506913348910916,0,"ALE","GLM"
691,"RH","workflow",55.1066937255859,0.505702731760139,0,"ALE","GLM"
692,"RH","workflow",55.223749923706,0.504482128054101,0,"ALE","GLM"
693,"RH","workflow",55.3546650695801,0.503070689735611,0,"ALE","GLM"
694,"RH","workflow",55.5119964599609,0.501309649241525,0,"ALE","GLM"
695,"RH","workflow",55.6840664672852,0.499302558984261,0,"ALE","GLM"
696,"RH","workflow",55.8622702026367,0.497134524326248,0,"ALE","GLM"
697,"RH","workflow",56.0369407653809,0.494921096262826,0,"ALE","GLM"
698,"RH","workflow",56.2162015914917,0.492558409508793,0,"ALE","GLM"
699,"RH","workflow",56.421551361084,0.489738318686579,0,"ALE","GLM"
700,"RH","workflow",56.6394703674316,0.48661291070056,0,"ALE","GLM"
701,"RH","workflow",56.8990630340576,0.482711295501689,0,"ALE","GLM"
702,"RH","workflow",57.2390428543091,0.477307748300939,0,"ALE","GLM"
703,"RH","workflow",57.6702792358398,0.469974890805125,0,"ALE","GLM"
704,"RH","workflow",58.1819004058838,0.460582418763144,0,"ALE","GLM"
705,"RH","workflow",58.9556087493897,0.444959923905952,0,"ALE","GLM"
706,"RH","workflow",59.9590730285645,0.422202767582552,0,"ALE","GLM"
707,"RH","workflow",67.9946746826172,0.171255294510511,0,"ALE","GLM"
708,"TD","workflow",17.1612071990967,0.34262839671071,0,"ALE","GLM"
709,"TD","workflow",18.1597093200684,0.417618797763645,0,"ALE","GLM"
710,"TD","workflow",18.4265461730957,0.434885099743367,0,"ALE","GLM"
711,"TD","workflow",18.6055395126343,0.445708693257073,0,"ALE","GLM"
712,"TD","workflow",18.7576812744141,0.454411643027346,0,"ALE","GLM"
713,"TD","workflow",18.9044772148132,0.462366240229463,0,"ALE","GLM"
714,"TD","workflow",19.0167464065552,0.468153233811422,0,"ALE","GLM"
715,"TD","workflow",19.1206571769714,0.473277685487595,0,"ALE","GLM"
716,"TD","workflow",19.2188248443604,0.477913007325485,0,"ALE","GLM"
717,"TD","workflow",19.3100456047058,0.482040267238054,0,"ALE","GLM"
718,"TD","workflow",19.3959426879883,0.485767643645251,0,"ALE","GLM"
719,"TD","workflow",19.4859823989868,0.489508730680751,0,"ALE","GLM"
720,"TD","workflow",19.5656815338135,0.49267850311143,0,"ALE","GLM"
721,"TD","workflow",19.6541634750366,0.496041345510759,0,"ALE","GLM"
722,"TD","workflow",19.7174381637573,0.498345845250139,0,"ALE","GLM"
723,"TD","workflow",19.7825086593628,0.500628242196192,0,"ALE","GLM"
724,"TD","workflow",19.8510068511963,0.50293508474222,0,"ALE","GLM"
725,"TD","workflow",19.9076551055908,0.504768907261973,0,"ALE","GLM"
726,"TD","workflow",19.9575923538208,0.506330004318661,0,"ALE","GLM"
727,"TD","workflow",20.0111117172241,0.50794534758354,0,"ALE","GLM"
728,"TD","workflow",20.0651264190674,0.50951520627937,0,"ALE","GLM"
729,"TD","workflow",20.1276549530029,0.511256731552363,0,"ALE","GLM"
730,"TD","workflow",20.1800522994995,0.512653773501333,0,"ALE","GLM"
731,"TD","workflow",20.2278387069702,0.513878395935975,0,"ALE","GLM"
732,"TD","workflow",20.2778366851807,0.515109201133535,0,"ALE","GLM"
733,"TD","workflow",20.3095226287842,0.515862639581872,0,"ALE","GLM"
734,"TD","workflow",20.3487638092041,0.516767040276075,0,"ALE","GLM"
735,"TD","workflow",20.3915309333801,0.517716648611294,0,"ALE","GLM"
736,"TD","workflow",20.4320682525635,0.51858212806031,0,"ALE","GLM"
737,"TD","workflow",20.4694257736206,0.519349944694054,0,"ALE","GLM"
738,"TD","workflow",20.5130083084106,0.520209615174268,0,"ALE","GLM"
739,"TD","workflow",20.5567078018188,0.521032685273089,0,"ALE","GLM"
740,"TD","workflow",20.5975496673584,0.521766794861769,0,"ALE","GLM"
741,"TD","workflow",20.6472185325623,0.522613830231627,0,"ALE","GLM"
742,"TD","workflow",20.6971882247925,0.523415514631906,0,"ALE","GLM"
743,"TD","workflow",20.7438426971436,0.524118426181221,0,"ALE","GLM"
744,"TD","workflow",20.7800964355469,0.524634332061134,0,"ALE","GLM"
745,"TD","workflow",20.8225392723083,0.525204623170983,0,"ALE","GLM"
746,"TD","workflow",20.8698249816895,0.525797287710176,0,"ALE","GLM"
747,"TD","workflow",20.9119386672974,0.526287354449081,0,"ALE","GLM"
748,"TD","workflow",20.9501354217529,0.526701117356176,0,"ALE","GLM"
749,"TD","workflow",20.9964211654663,0.527163364655339,0,"ALE","GLM"
750,"TD","workflow",21.0421587371826,0.527578125732722,0,"ALE","GLM"
751,"TD","workflow",21.0917827415466,0.527980975094483,0,"ALE","GLM"
752,"TD","workflow",21.1426473999023,0.528343079237563,0,"ALE","GLM"
753,"TD","workflow",21.1871949195862,0.52861805650344,0,"ALE","GLM"
754,"TD","workflow",21.2362956237793,0.528875594500735,0,"ALE","GLM"
755,"TD","workflow",21.2866133880615,0.529090070206785,0,"ALE","GLM"
756,"TD","workflow",21.3291153717041,0.529232320679788,0,"ALE","GLM"
757,"TD","workflow",21.3715620994568,0.52933886951254,0,"ALE","GLM"
758,"TD","workflow",21.4166860580444,0.529413275274,0,"ALE","GLM"
759,"TD","workflow",21.4623111343384,0.529447851981419,0,"ALE","GLM"
760,"TD","workflow",21.5065621185303,0.529442395528896,0,"ALE","GLM"
761,"TD","workflow",21.5505759239197,0.529398935634068,0,"ALE","GLM"
762,"TD","workflow",21.5984239959717,0.529308722446598,0,"ALE","GLM"
763,"TD","workflow",21.6445824623108,0.52917933322007,0,"ALE","GLM"
764,"TD","workflow",21.6862027740479,0.529027040873966,0,"ALE","GLM"
765,"TD","workflow",21.724975528717,0.528854808269395,0,"ALE","GLM"
766,"TD","workflow",21.7695259857178,0.528620809369155,0,"ALE","GLM"
767,"TD","workflow",21.8097523117065,0.528376374671456,0,"ALE","GLM"
768,"TD","workflow",21.856339263916,0.528054044217702,0,"ALE","GLM"
769,"TD","workflow",21.8928700447083,0.527771821087427,0,"ALE","GLM"
770,"TD","workflow",21.9349461364746,0.527414722429579,0,"ALE","GLM"
771,"TD","workflow",21.9862415122986,0.526933046580119,0,"ALE","GLM"
772,"TD","workflow",22.0310270690918,0.52647085476283,0,"ALE","GLM"
773,"TD","workflow",22.0821544647217,0.525895852197429,0,"ALE","GLM"
774,"TD","workflow",22.1319946289062,0.525286727191039,0,"ALE","GLM"
775,"TD","workflow",22.18362865448,0.524605131949952,0,"ALE","GLM"
776,"TD","workflow",22.2328074645996,0.523908127153722,0,"ALE","GLM"
777,"TD","workflow",22.2720763206482,0.52331805434771,0,"ALE","GLM"
778,"TD","workflow",22.3208700180054,0.522543526983287,0,"ALE","GLM"
779,"TD","workflow",22.3628028297424,0.521841237160488,0,"ALE","GLM"
780,"TD","workflow",22.4075793457031,0.521053972654049,0,"ALE","GLM"
781,"TD","workflow",22.4438223266602,0.52038844676873,0,"ALE","GLM"
782,"TD","workflow",22.4935954284668,0.519433398338336,0,"ALE","GLM"
783,"TD","workflow",22.538076877594,0.51853953635284,0,"ALE","GLM"
784,"TD","workflow",22.58577003479,0.517538904846934,0,"ALE","GLM"
785,"TD","workflow",22.6468145370483,0.516194519228797,0,"ALE","GLM"
786,"TD","workflow",22.7062758636475,0.514816149698372,0,"ALE","GLM"
787,"TD","workflow",22.7632689285278,0.513431224817204,0,"ALE","GLM"
788,"TD","workflow",22.8222503662109,0.511932324588832,0,"ALE","GLM"
789,"TD","workflow",22.8939169311523,0.510021373671551,0,"ALE","GLM"
790,"TD","workflow",22.9629053878784,0.508088659325486,0,"ALE","GLM"
791,"TD","workflow",23.015863609314,0.506542849501092,0,"ALE","GLM"
792,"TD","workflow",23.0746572875977,0.504763752443488,0,"ALE","GLM"
793,"TD","workflow",23.1481587409973,0.502446615149029,0,"ALE","GLM"
794,"TD","workflow",23.2038186264038,0.500622721492012,0,"ALE","GLM"
795,"TD","workflow",23.2867177963257,0.497796793043614,0,"ALE","GLM"
796,"TD","workflow",23.3753944396973,0.494628348495994,0,"ALE","GLM"
797,"TD","workflow",23.4581906318665,0.491533994645635,0,"ALE","GLM"
798,"TD","workflow",23.5490123748779,0.487989215681023,0,"ALE","GLM"
799,"TD","workflow",23.6551487541199,0.483647786945034,0,"ALE","GLM"
800,"TD","workflow",23.7796415710449,0.478283053357165,0,"ALE","GLM"
801,"TD","workflow",23.9107612609863,0.472315244256146,0,"ALE","GLM"
802,"TD","workflow",24.0692623901367,0.464670112925925,0,"ALE","GLM"
803,"TD","workflow",24.220043182373,0.45696053475725,0,"ALE","GLM"
804,"TD","workflow",24.3676809692383,0.449003556982888,0,"ALE","GLM"
805,"TD","workflow",24.5652444076538,0.437739242520877,0,"ALE","GLM"
806,"TD","workflow",24.8746865844727,0.418726009745026,0,"ALE","GLM"
807,"TD","workflow",25.2220314788818,0.395477075397848,0,"ALE","GLM"
808,"TD","workflow",28.2092189788818,0.168882266766424,0,"ALE","GLM"
809,"thetas","workflow",0.393067896366119,0.416959189197177,0,"ALE","GLM"
810,"thetas","workflow",0.464395098686218,0.463263649300258,0,"ALE","GLM"
811,"thetas","workflow",0.471372151970863,0.467859862474093,0,"ALE","GLM"
812,"thetas","workflow",0.476400042772293,0.471186248834996,0,"ALE","GLM"
813,"thetas","workflow",0.478640878200531,0.472671517653297,0,"ALE","GLM"
814,"thetas","workflow",0.480819065868855,0.47411758949267,0,"ALE","GLM"
815,"thetas","workflow",0.482928047180176,0.475519817569884,0,"ALE","GLM"
816,"thetas","workflow",0.484543404877186,0.476595045490312,0,"ALE","GLM"
817,"thetas","workflow",0.486342928409576,0.477794283568642,0,"ALE","GLM"
818,"thetas","workflow",0.488017465472221,0.478911426519664,0,"ALE","GLM"
819,"thetas","workflow",0.489362925291061,0.479809781603264,0,"ALE","GLM"
820,"thetas","workflow",0.49073415607214,0.480726099352959,0,"ALE","GLM"
821,"thetas","workflow",0.491936881542206,0.481530379849289,0,"ALE","GLM"
822,"thetas","workflow",0.49310144931078,0.482309660107633,0,"ALE","GLM"
823,"thetas","workflow",0.494068042039871,0.482956809988904,0,"ALE","GLM"
824,"thetas","workflow",0.494982446730137,0.483569322730604,0,"ALE","GLM"
825,"thetas","workflow",0.496075937747955,0.484302222847994,0,"ALE","GLM"
826,"thetas","workflow",0.49718473315239,0.485045806467918,0,"ALE","GLM"
827,"thetas","workflow",0.49828323662281,0.485782894628303,0,"ALE","GLM"
828,"thetas","workflow",0.499100624322891,0.486331571950924,0,"ALE","GLM"
829,"thetas","workflow",0.500065124034882,0.486979300560828,0,"ALE","GLM"
830,"thetas","workflow",0.501084948778152,0.487664510482513,0,"ALE","GLM"
831,"thetas","workflow",0.502043564319611,0.488308873289221,0,"ALE","GLM"
832,"thetas","workflow",0.502558093070984,0.488654802919524,0,"ALE","GLM"
833,"thetas","workflow",0.503461520671844,0.489262445709231,0,"ALE","GLM"
834,"thetas","workflow",0.504280775785446,0.489813663837721,0,"ALE","GLM"
835,"thetas","workflow",0.505336213111877,0.490524108570031,0,"ALE","GLM"
836,"thetas","workflow",0.506383110880852,0.491229099605068,0,"ALE","GLM"
837,"thetas","workflow",0.507465991973877,0.49195862850921,0,"ALE","GLM"
838,"thetas","workflow",0.508228104114532,0.492472195369322,0,"ALE","GLM"
839,"thetas","workflow",0.509005862474442,0.492996454677792,0,"ALE","GLM"
840,"thetas","workflow",0.509831294417381,0.49355301328212,0,"ALE","GLM"
841,"thetas","workflow",0.510530543327331,0.49402460122021,0,"ALE","GLM"
842,"thetas","workflow",0.511265920996666,0.494520678623226,0,"ALE","GLM"
843,"thetas","workflow",0.511856182813644,0.494918935582948,0,"ALE","GLM"
844,"thetas","workflow",0.512525472044945,0.495370612172474,0,"ALE","GLM"
845,"thetas","workflow",0.513162786960602,0.49580079486587,0,"ALE","GLM"
846,"thetas","workflow",0.513741085529327,0.496191208793839,0,"ALE","GLM"
847,"thetas","workflow",0.514452991485596,0.496671927954316,0,"ALE","GLM"
848,"thetas","workflow",0.515008125305176,0.497046841082363,0,"ALE","GLM"
849,"thetas","workflow",0.515574109554291,0.497429143097448,0,"ALE","GLM"
850,"thetas","workflow",0.516116309762001,0.497795433466185,0,"ALE","GLM"
851,"thetas","workflow",0.516695722341537,0.498186924782745,0,"ALE","GLM"
852,"thetas","workflow",0.517218412160873,0.498540136556618,0,"ALE","GLM"
853,"thetas","workflow",0.517739503383637,0.498892314484453,0,"ALE","GLM"
854,"thetas","workflow",0.518239104747772,0.499230009580188,0,"ALE","GLM"
855,"thetas","workflow",0.518652844429016,0.499509694054042,0,"ALE","GLM"
856,"thetas","workflow",0.519102519154549,0.499813703504291,0,"ALE","GLM"
857,"thetas","workflow",0.519461936950684,0.500056711539351,0,"ALE","GLM"
858,"thetas","workflow",0.519873896241188,0.500335270965276,0,"ALE","GLM"
859,"thetas","workflow",0.520374178886414,0.500673593143555,0,"ALE","GLM"
860,"thetas","workflow",0.52085529923439,0.50099898958333,0,"ALE","GLM"
861,"thetas","workflow",0.521333487033844,0.501322434826107,0,"ALE","GLM"
862,"thetas","workflow",0.521759390830994,0.501610538714419,0,"ALE","GLM"
863,"thetas","workflow",0.522253239154816,0.501944638697419,0,"ALE","GLM"
864,"thetas","workflow",0.522832840681076,0.502336799549911,0,"ALE","GLM"
865,"thetas","workflow",0.523410675525665,0.502727806586856,0,"ALE","GLM"
866,"thetas","workflow",0.523951849341393,0.503094039706367,0,"ALE","GLM"
867,"thetas","workflow",0.524592671394348,0.503527760485418,0,"ALE","GLM"
868,"thetas","workflow",0.525244131088257,0.503968728188978,0,"ALE","GLM"
869,"thetas","workflow",0.525889790058136,0.504405812757412,0,"ALE","GLM"
870,"thetas","workflow",0.526545784473419,0.504849937225677,0,"ALE","GLM"
871,"thetas","workflow",0.527150670289993,0.505259491921828,0,"ALE","GLM"
872,"thetas","workflow",0.527785362005234,0.505689264836778,0,"ALE","GLM"
873,"thetas","workflow",0.528357064723968,0.506076410159445,0,"ALE","GLM"
874,"thetas","workflow",0.529040822386742,0.506539479876837,0,"ALE","GLM"
875,"thetas","workflow",0.529638460874557,0.506944248075491,0,"ALE","GLM"
876,"thetas","workflow",0.530373032689095,0.507441803657671,0,"ALE","GLM"
877,"thetas","workflow",0.531085178852081,0.507924199724355,0,"ALE","GLM"
878,"thetas","workflow",0.531720567941666,0.508354620510823,0,"ALE","GLM"
879,"thetas","workflow",0.532343465089798,0.508776598423991,0,"ALE","GLM"
880,"thetas","workflow",0.532994085550308,0.50921737859371,0,"ALE","GLM"
881,"thetas","workflow",0.533873782157898,0.509813402204306,0,"ALE","GLM"
882,"thetas","workflow",0.534579967856407,0.510291872014193,0,"ALE","GLM"
883,"thetas","workflow",0.535388894081116,0.510839978812818,0,"ALE","GLM"
884,"thetas","workflow",0.536291867494583,0.511451834834858,0,"ALE","GLM"
885,"thetas","workflow",0.537086789608002,0.511990475669695,0,"ALE","GLM"
886,"thetas","workflow",0.537879178524017,0.512527404585905,0,"ALE","GLM"
887,"thetas","workflow",0.538852044343948,0.513186644533069,0,"ALE","GLM"
888,"thetas","workflow",0.539818264842033,0.513841374232859,0,"ALE","GLM"
889,"thetas","workflow",0.540655100345612,0.514408408625413,0,"ALE","GLM"
890,"thetas","workflow",0.541510138511658,0.514987763081397,0,"ALE","GLM"
891,"thetas","workflow",0.542548160552978,0.515691093023567,0,"ALE","GLM"
892,"thetas","workflow",0.543500842452049,0.516336556923921,0,"ALE","GLM"
893,"thetas","workflow",0.544679663181305,0.517135202709119,0,"ALE","GLM"
894,"thetas","workflow",0.545821803808212,0.517908922348853,0,"ALE","GLM"
895,"thetas","workflow",0.546929502487183,0.51865922786901,0,"ALE","GLM"
896,"thetas","workflow",0.548410366177559,0.519662204841368,0,"ALE","GLM"
897,"thetas","workflow",0.54969322681427,0.520530906183468,0,"ALE","GLM"
898,"thetas","workflow",0.551109853982925,0.521490022397541,0,"ALE","GLM"
899,"thetas","workflow",0.55294326543808,0.522731057880564,0,"ALE","GLM"
900,"thetas","workflow",0.554414529800415,0.523726625097035,0,"ALE","GLM"
901,"thetas","workflow",0.55579892873764,0.524663143497767,0,"ALE","GLM"
902,"thetas","workflow",0.557683835029602,0.525937863738679,0,"ALE","GLM"
903,"thetas","workflow",0.560037161111832,0.527528637817597,0,"ALE","GLM"
904,"thetas","workflow",0.562900641560555,0.529463006007263,0,"ALE","GLM"
905,"thetas","workflow",0.565468802452087,0.531196439786485,0,"ALE","GLM"
906,"thetas","workflow",0.568021140694618,0.532917752003687,0,"ALE","GLM"
907,"thetas","workflow",0.572109525203705,0.535671933655287,0,"ALE","GLM"
908,"thetas","workflow",0.579998794794083,0.54097413087747,0,"ALE","GLM"
909,"thetas","workflow",0.634861648082733,0.576983164207206,0,"ALE","GLM"
910,"TPI3","workflow",-5.43369436264038,0.765669506094483,0,"ALE","GLM"
911,"TPI3","workflow",-1.91658446073532,0.60464990014693,0,"ALE","GLM"
912,"TPI3","workflow",-1.61589391231537,0.588661237048979,0,"ALE","GLM"
913,"TPI3","workflow",-1.44672192454338,0.579548607365868,0,"ALE","GLM"
914,"TPI3","workflow",-1.29872978687286,0.571512367477863,0,"ALE","GLM"
915,"TPI3","workflow",-1.18044658899307,0.565048512938538,0,"ALE","GLM"
916,"TPI3","workflow",-1.08600077152252,0.559862544601461,0,"ALE","GLM"
917,"TPI3","workflow",-1.00956451416016,0.555650069989623,0,"ALE","GLM"
918,"TPI3","workflow",-0.94468939781189,0.552064335943697,0,"ALE","GLM"
919,"TPI3","workflow",-0.890528898239136,0.549063736901394,0,"ALE","GLM"
920,"TPI3","workflow",-0.834142971038818,0.545933210026354,0,"ALE","GLM"
921,"TPI3","workflow",-0.781908268928528,0.543027301440719,0,"ALE","GLM"
922,"TPI3","workflow",-0.742593579292297,0.540836548425246,0,"ALE","GLM"
923,"TPI3","workflow",-0.698036684393883,0.538350032046194,0,"ALE","GLM"
924,"TPI3","workflow",-0.658728866577148,0.5361533077224,0,"ALE","GLM"
925,"TPI3","workflow",-0.62536304295063,0.534286404582495,0,"ALE","GLM"
926,"TPI3","workflow",-0.593869454860687,0.532522406550338,0,"ALE","GLM"
927,"TPI3","workflow",-0.565843284726143,0.530951143414405,0,"ALE","GLM"
928,"TPI3","workflow",-0.539521930217743,0.529474215283196,0,"ALE","GLM"
929,"TPI3","workflow",-0.512784522771835,0.527972731566266,0,"ALE","GLM"
930,"TPI3","workflow",-0.48725693821907,0.526538071234884,0,"ALE","GLM"
931,"TPI3","workflow",-0.464983150959015,0.525285401605463,0,"ALE","GLM"
932,"TPI3","workflow",-0.443606460094452,0.524082431644068,0,"ALE","GLM"
933,"TPI3","workflow",-0.419760066270828,0.522739624454761,0,"ALE","GLM"
934,"TPI3","workflow",-0.396233017444611,0.5214139325683,0,"ALE","GLM"
935,"TPI3","workflow",-0.375978618860245,0.520271969536545,0,"ALE","GLM"
936,"TPI3","workflow",-0.359759996533394,0.51935710356644,0,"ALE","GLM"
937,"TPI3","workflow",-0.342401838302612,0.518377527016451,0,"ALE","GLM"
938,"TPI3","workflow",-0.322645610570908,0.517262085429657,0,"ALE","GLM"
939,"TPI3","workflow",-0.303194184005261,0.516163306779637,0,"ALE","GLM"
940,"TPI3","workflow",-0.281960880756378,0.51496326514369,0,"ALE","GLM"
941,"TPI3","workflow",-0.265255124866962,0.514018669122476,0,"ALE","GLM"
942,"TPI3","workflow",-0.251814068555832,0.513258394195647,0,"ALE","GLM"
943,"TPI3","workflow",-0.238374421745539,0.512497956762838,0,"ALE","GLM"
944,"TPI3","workflow",-0.224403917491436,0.511707229126921,0,"ALE","GLM"
945,"TPI3","workflow",-0.212034795433283,0.511006926717024,0,"ALE","GLM"
946,"TPI3","workflow",-0.197828943133354,0.510202390838354,0,"ALE","GLM"
947,"TPI3","workflow",-0.183555838167667,0.50939378789187,0,"ALE","GLM"
948,"TPI3","workflow",-0.17079906642437,0.50867087267176,0,"ALE","GLM"
949,"TPI3","workflow",-0.159341277629137,0.508021398297014,0,"ALE","GLM"
950,"TPI3","workflow",-0.146815350651741,0.507311194173636,0,"ALE","GLM"
951,"TPI3","workflow",-0.133593350797892,0.50656131868049,0,"ALE","GLM"
952,"TPI3","workflow",-0.121610312461853,0.505881530723441,0,"ALE","GLM"
953,"TPI3","workflow",-0.11003217048943,0.505224552511459,0,"ALE","GLM"
954,"TPI3","workflow",-0.0977603790163993,0.504528045477412,0,"ALE","GLM"
955,"TPI3","workflow",-0.0862362492829561,0.503873817076428,0,"ALE","GLM"
956,"TPI3","workflow",-0.0778866848349571,0.50339971645984,0,"ALE","GLM"
957,"TPI3","workflow",-0.0686601933091879,0.502875732382918,0,"ALE","GLM"
958,"TPI3","workflow",-0.059715550839901,0.502367665415778,0,"ALE","GLM"
959,"TPI3","workflow",-0.0492229867726564,0.50177156352229,0,"ALE","GLM"
960,"TPI3","workflow",-0.0388218760490417,0.50118054046414,0,"ALE","GLM"
961,"TPI3","workflow",-0.0285610719770193,0.500597377584235,0,"ALE","GLM"
962,"TPI3","workflow",-0.0203429939597845,0.50013023153301,0,"ALE","GLM"
963,"TPI3","workflow",-0.0119939179904759,0.49965556739287,0,"ALE","GLM"
964,"TPI3","workflow",-0.00375333354342729,0.49918700116349,0,"ALE","GLM"
965,"TPI3","workflow",0.00388702827040109,0.498752502541843,0,"ALE","GLM"
966,"TPI3","workflow",0.0135838206484914,0.498200972676652,0,"ALE","GLM"
967,"TPI3","workflow",0.0238374663889409,0.497617668991187,0,"ALE","GLM"
968,"TPI3","workflow",0.0341791290044784,0.497029254175889,0,"ALE","GLM"
969,"TPI3","workflow",0.0435154999047518,0.496497949446476,0,"ALE","GLM"
970,"TPI3","workflow",0.0529094398021697,0.495963284987035,0,"ALE","GLM"
971,"TPI3","workflow",0.0654131757467985,0.495251495324685,0,"ALE","GLM"
972,"TPI3","workflow",0.0780635924637318,0.494531209100016,0,"ALE","GLM"
973,"TPI3","workflow",0.0897586502879858,0.493865190099176,0,"ALE","GLM"
974,"TPI3","workflow",0.105759460628033,0.49295376716968,0,"ALE","GLM"
975,"TPI3","workflow",0.120074500143528,0.492138179336786,0,"ALE","GLM"
976,"TPI3","workflow",0.133438796401024,0.491376602554404,0,"ALE","GLM"
977,"TPI3","workflow",0.149208298176527,0.490477772533982,0,"ALE","GLM"
978,"TPI3","workflow",0.165298010706902,0.489560484101647,0,"ALE","GLM"
979,"TPI3","workflow",0.180243723541498,0.488708233728685,0,"ALE","GLM"
980,"TPI3","workflow",0.196582618355751,0.487776344270067,0,"ALE","GLM"
981,"TPI3","workflow",0.212279142290354,0.486880905536584,0,"ALE","GLM"
982,"TPI3","workflow",0.228578853607178,0.485950868625596,0,"ALE","GLM"
983,"TPI3","workflow",0.246287080347538,0.484940253454644,0,"ALE","GLM"
984,"TPI3","workflow",0.26648091673851,0.483787525517945,0,"ALE","GLM"
985,"TPI3","workflow",0.285813085734844,0.482683736822607,0,"ALE","GLM"
986,"TPI3","workflow",0.310533282756805,0.481271976510319,0,"ALE","GLM"
987,"TPI3","workflow",0.32911674797535,0.480210445534396,0,"ALE","GLM"
988,"TPI3","workflow",0.351793715357781,0.478914822374852,0,"ALE","GLM"
989,"TPI3","workflow",0.376526732444763,0.47750141910044,0,"ALE","GLM"
990,"TPI3","workflow",0.401947551965714,0.47604839488498,0,"ALE","GLM"
991,"TPI3","workflow",0.430043810904027,0.474442100789098,0,"ALE","GLM"
992,"TPI3","workflow",0.459688159823418,0.472746941239839,0,"ALE","GLM"
993,"TPI3","workflow",0.485947405993938,0.471245073478945,0,"ALE","GLM"
994,"TPI3","workflow",0.522578361034393,0.469149618218973,0,"ALE","GLM"
995,"TPI3","workflow",0.553713622689247,0.467368231953141,0,"ALE","GLM"
996,"TPI3","workflow",0.589236054420471,0.465335545973591,0,"ALE","GLM"
997,"TPI3","workflow",0.635970839858054,0.462660891075371,0,"ALE","GLM"
998,"TPI3","workflow",0.677858760356904,0.460263377929265,0,"ALE","GLM"
999,"TPI3","workflow",0.724187902212143,0.45761152388141,0,"ALE","GLM"
1000,"TPI3","workflow",0.771403211355209,0.454908935330539,0,"ALE","GLM"
1001,"TPI3","workflow",0.839877769351006,0.450989760967324,0,"ALE","GLM"
1002,"TPI3","workflow",0.909221711158752,0.44702159511546,0,"ALE","GLM"
1003,"TPI3","workflow",0.97343213558197,0.443348295499251,0,"ALE","GLM"
1004,"TPI3","workflow",1.04490432500839,0.439261297527269,0,"ALE","GLM"
1005,"TPI3","workflow",1.13801998496056,0.433940237983513,0,"ALE","GLM"
1006,"TPI3","workflow",1.24773401737213,0.427677342268786,0,"ALE","GLM"
1007,"TPI3","workflow",1.41111633777618,0.418368225351795,0,"ALE","GLM"
1008,"TPI3","workflow",1.61537159442902,0.406768219779688,0,"ALE","GLM"
1009,"TPI3","workflow",2.0163326215744,0.384165679498783,0,"ALE","GLM"
1010,"TPI3","workflow",4.72865867614746,0.244046371479689,0,"ALE","GLM"
1,"ADI","workflow",0.00969039089977741,0.402620734628947,0,"ALE","RGBT"
2,"ADI","workflow",0.0183771007880568,0.402620734628947,0,"ALE","RGBT"
3,"ADI","workflow",0.0205370556935668,0.403295205036302,0,"ALE","RGBT"
4,"ADI","workflow",0.022386764921248,0.447606910251184,0,"ALE","RGBT"
5,"ADI","workflow",0.0239912699908018,0.501313115570019,0,"ALE","RGBT"
6,"ADI","workflow",0.02539864750579,0.526433531324551,0,"ALE","RGBT"
7,"ADI","workflow",0.0262681576982141,0.53822939158424,0,"ALE","RGBT"
8,"ADI","workflow",0.0272374148480594,0.552648629080179,0,"ALE","RGBT"
9,"ADI","workflow",0.0283303616940975,0.559792535463755,0,"ALE","RGBT"
10,"ADI","workflow",0.0292411207966506,0.572401276428017,0,"ALE","RGBT"
11,"ADI","workflow",0.030353862605989,0.577467436702396,0,"ALE","RGBT"
12,"ADI","workflow",0.0314153183251619,0.587970121965478,0,"ALE","RGBT"
13,"ADI","workflow",0.0322051365673542,0.59623961845255,0,"ALE","RGBT"
14,"ADI","workflow",0.0329477099701762,0.599845140067105,0,"ALE","RGBT"
15,"ADI","workflow",0.0338977329432964,0.601624542750845,0,"ALE","RGBT"
16,"ADI","workflow",0.0347594160586596,0.604272623796847,0,"ALE","RGBT"
17,"ADI","workflow",0.0356106719374657,0.608034970484882,0,"ALE","RGBT"
18,"ADI","workflow",0.0363714057952166,0.61202453376567,0,"ALE","RGBT"
19,"ADI","workflow",0.0371970846503973,0.612774533639622,0,"ALE","RGBT"
20,"ADI","workflow",0.0379790010303259,0.61424436631827,0,"ALE","RGBT"
21,"ADI","workflow",0.0386902086436749,0.615840618417598,0,"ALE","RGBT"
22,"ADI","workflow",0.0393472410365939,0.61650110846506,0,"ALE","RGBT"
23,"ADI","workflow",0.04007896438241,0.619292234549405,0,"ALE","RGBT"
24,"ADI","workflow",0.0408856480941176,0.619815894567936,0,"ALE","RGBT"
25,"ADI","workflow",0.0415062360465527,0.622607057648283,0,"ALE","RGBT"
26,"ADI","workflow",0.0422016698867083,0.623113404018195,0,"ALE","RGBT"
27,"ADI","workflow",0.0429659657180309,0.624057329807644,0,"ALE","RGBT"
28,"ADI","workflow",0.0436067756637931,0.624665366823012,0,"ALE","RGBT"
29,"ADI","workflow",0.0443707580864429,0.624906368213392,0,"ALE","RGBT"
30,"ADI","workflow",0.0449994681403041,0.624904373491603,0,"ALE","RGBT"
31,"ADI","workflow",0.0456202123314142,0.624516699918571,0,"ALE","RGBT"
32,"ADI","workflow",0.046318980269134,0.624288810544588,0,"ALE","RGBT"
33,"ADI","workflow",0.0469816148281097,0.623648122754714,0,"ALE","RGBT"
34,"ADI","workflow",0.047732318751514,0.622755351726442,0,"ALE","RGBT"
35,"ADI","workflow",0.0484194055944681,0.622676948999573,0,"ALE","RGBT"
36,"ADI","workflow",0.0491799302399158,0.62239890757015,0,"ALE","RGBT"
37,"ADI","workflow",0.0500297150015831,0.618629368328448,0,"ALE","RGBT"
38,"ADI","workflow",0.05074119836092,0.617299766144216,0,"ALE","RGBT"
39,"ADI","workflow",0.0514011982083321,0.616830759062738,0,"ALE","RGBT"
40,"ADI","workflow",0.0521930233761668,0.616381010912762,0,"ALE","RGBT"
41,"ADI","workflow",0.0528251349925995,0.615261256682398,0,"ALE","RGBT"
42,"ADI","workflow",0.0535098619759083,0.61300268477914,0,"ALE","RGBT"
43,"ADI","workflow",0.054130263403058,0.609993730458068,0,"ALE","RGBT"
44,"ADI","workflow",0.0547615427151322,0.609587804206811,0,"ALE","RGBT"
45,"ADI","workflow",0.0553405018150806,0.608620544884535,0,"ALE","RGBT"
46,"ADI","workflow",0.0560396043583751,0.607859896146634,0,"ALE","RGBT"
47,"ADI","workflow",0.0567577923834324,0.604911728197339,0,"ALE","RGBT"
48,"ADI","workflow",0.05757956802845,0.605123898655838,0,"ALE","RGBT"
49,"ADI","workflow",0.0583162644505501,0.605436025510073,0,"ALE","RGBT"
50,"ADI","workflow",0.0589698174595833,0.606150775905567,0,"ALE","RGBT"
51,"ADI","workflow",0.0596048198640347,0.606965275969964,0,"ALE","RGBT"
52,"ADI","workflow",0.0602253698185086,0.606398835918175,0,"ALE","RGBT"
53,"ADI","workflow",0.060954627096653,0.606522498447605,0,"ALE","RGBT"
54,"ADI","workflow",0.0616347666457295,0.601891310387306,0,"ALE","RGBT"
55,"ADI","workflow",0.0621507753431797,0.598581281197918,0,"ALE","RGBT"
56,"ADI","workflow",0.0628547411412001,0.594590481457898,0,"ALE","RGBT"
57,"ADI","workflow",0.063528693318367,0.593330490740498,0,"ALE","RGBT"
58,"ADI","workflow",0.0642569706588983,0.592092607881511,0,"ALE","RGBT"
59,"ADI","workflow",0.0650855654478073,0.586821295272225,0,"ALE","RGBT"
60,"ADI","workflow",0.0658782079070807,0.579227677221994,0,"ALE","RGBT"
61,"ADI","workflow",0.0666819587349892,0.575508630262008,0,"ALE","RGBT"
62,"ADI","workflow",0.0674295794218779,0.574361926456422,0,"ALE","RGBT"
63,"ADI","workflow",0.0681923447549343,0.572937141561447,0,"ALE","RGBT"
64,"ADI","workflow",0.0689014473557472,0.570624620317252,0,"ALE","RGBT"
65,"ADI","workflow",0.0697022804617882,0.568502912933777,0,"ALE","RGBT"
66,"ADI","workflow",0.0705546077340841,0.565943917944492,0,"ALE","RGBT"
67,"ADI","workflow",0.0713651461899281,0.563050662301203,0,"ALE","RGBT"
68,"ADI","workflow",0.0723033694922924,0.556175621122475,0,"ALE","RGBT"
69,"ADI","workflow",0.0732017496228218,0.552906927946548,0,"ALE","RGBT"
70,"ADI","workflow",0.0740051883459091,0.550913273021959,0,"ALE","RGBT"
71,"ADI","workflow",0.0749609343707562,0.549343694737577,0,"ALE","RGBT"
72,"ADI","workflow",0.075678938254714,0.548894687768808,0,"ALE","RGBT"
73,"ADI","workflow",0.0767002490162849,0.548989519987694,0,"ALE","RGBT"
74,"ADI","workflow",0.0777170298993587,0.548432549644881,0,"ALE","RGBT"
75,"ADI","workflow",0.0786600898206234,0.542266790703426,0,"ALE","RGBT"
76,"ADI","workflow",0.0796907916665077,0.540810662760843,0,"ALE","RGBT"
77,"ADI","workflow",0.0807214131951332,0.537185334706412,0,"ALE","RGBT"
78,"ADI","workflow",0.0816954082995653,0.525372653467881,0,"ALE","RGBT"
79,"ADI","workflow",0.0828165698051453,0.511359468853083,0,"ALE","RGBT"
80,"ADI","workflow",0.0838607636094093,0.504086886575892,0,"ALE","RGBT"
81,"ADI","workflow",0.0850482374429703,0.502807147954154,0,"ALE","RGBT"
82,"ADI","workflow",0.0863449271023273,0.465036467208802,0,"ALE","RGBT"
83,"ADI","workflow",0.0874088442325592,0.462237338578111,0,"ALE","RGBT"
84,"ADI","workflow",0.0887411597371102,0.444471353274576,0,"ALE","RGBT"
85,"ADI","workflow",0.0900161826610565,0.435663656166434,0,"ALE","RGBT"
86,"ADI","workflow",0.0911535490304232,0.421210760836986,0,"ALE","RGBT"
87,"ADI","workflow",0.0926308637857437,0.411080857974746,0,"ALE","RGBT"
88,"ADI","workflow",0.0940035497397184,0.406177540250576,0,"ALE","RGBT"
89,"ADI","workflow",0.0957906427979469,0.398979942856399,0,"ALE","RGBT"
90,"ADI","workflow",0.0975028724968433,0.388004450043611,0,"ALE","RGBT"
91,"ADI","workflow",0.0995522871613503,0.36221652054037,0,"ALE","RGBT"
92,"ADI","workflow",0.101843785271049,0.353308707008423,0,"ALE","RGBT"
93,"ADI","workflow",0.103779453635216,0.343153851657107,0,"ALE","RGBT"
94,"ADI","workflow",0.105784412249923,0.335123267766023,0,"ALE","RGBT"
95,"ADI","workflow",0.108223508298397,0.332792835236412,0,"ALE","RGBT"
96,"ADI","workflow",0.111334616690874,0.332798523660289,0,"ALE","RGBT"
97,"ADI","workflow",0.114925660192966,0.333296557184188,0,"ALE","RGBT"
98,"ADI","workflow",0.119033448398113,0.334614618347679,0,"ALE","RGBT"
99,"ADI","workflow",0.125083916187286,0.33568347456493,0,"ALE","RGBT"
100,"ADI","workflow",0.134717088490725,0.336918049194916,0,"ALE","RGBT"
101,"ADI","workflow",0.194418743252754,0.337039186984657,0,"ALE","RGBT"
102,"clay","workflow",4.78574705123901,0.536723190513779,0,"ALE","RGBT"
103,"clay","workflow",8.8725687122345,0.536723190513779,0,"ALE","RGBT"
104,"clay","workflow",9.50403095245361,0.536593575860414,0,"ALE","RGBT"
105,"clay","workflow",9.95711754798889,0.539102520084774,0,"ALE","RGBT"
106,"clay","workflow",10.2918291091919,0.541396950139302,0,"ALE","RGBT"
107,"clay","workflow",10.592195224762,0.540534501942679,0,"ALE","RGBT"
108,"clay","workflow",10.8521835327148,0.540653245543069,0,"ALE","RGBT"
109,"clay","workflow",11.1389297103882,0.540376212175865,0,"ALE","RGBT"
110,"clay","workflow",11.3991525268555,0.54245717445157,0,"ALE","RGBT"
111,"clay","workflow",11.6502867412567,0.542941799381141,0,"ALE","RGBT"
112,"clay","workflow",11.8556845664978,0.54357935497215,0,"ALE","RGBT"
113,"clay","workflow",12.0918058586121,0.543036757787314,0,"ALE","RGBT"
114,"clay","workflow",12.2729047393799,0.543264347673449,0,"ALE","RGBT"
115,"clay","workflow",12.4455301475525,0.543495024019583,0,"ALE","RGBT"
116,"clay","workflow",12.6255758666992,0.543279629388832,0,"ALE","RGBT"
117,"clay","workflow",12.7951908588409,0.543009175366133,0,"ALE","RGBT"
118,"clay","workflow",12.9678665924072,0.542792831145108,0,"ALE","RGBT"
119,"clay","workflow",13.1167421627045,0.542250183793376,0,"ALE","RGBT"
120,"clay","workflow",13.3130128860474,0.541636133082635,0,"ALE","RGBT"
121,"clay","workflow",13.5160030174255,0.541860986496923,0,"ALE","RGBT"
122,"clay","workflow",13.6947483062744,0.542713648999414,0,"ALE","RGBT"
123,"clay","workflow",13.8673497486114,0.542289953730169,0,"ALE","RGBT"
124,"clay","workflow",14.0118550109863,0.541584099277049,0,"ALE","RGBT"
125,"clay","workflow",14.1950583171844,0.540785486162854,0,"ALE","RGBT"
126,"clay","workflow",14.3521335220337,0.539570820279574,0,"ALE","RGBT"
127,"clay","workflow",14.5102746486664,0.537582958141287,0,"ALE","RGBT"
128,"clay","workflow",14.6611651802063,0.537178482331008,0,"ALE","RGBT"
129,"clay","workflow",14.8032030105591,0.536379194417483,0,"ALE","RGBT"
130,"clay","workflow",14.9294102096558,0.536779631510628,0,"ALE","RGBT"
131,"clay","workflow",15.0853464508057,0.537261986534212,0,"ALE","RGBT"
132,"clay","workflow",15.2231711387634,0.537425425154389,0,"ALE","RGBT"
133,"clay","workflow",15.3490769481659,0.539390580207538,0,"ALE","RGBT"
134,"clay","workflow",15.4838998413086,0.5396781063619,0,"ALE","RGBT"
135,"clay","workflow",15.600686416626,0.539577369134496,0,"ALE","RGBT"
136,"clay","workflow",15.7097824287415,0.539407344416195,0,"ALE","RGBT"
137,"clay","workflow",15.8074946880341,0.539406412024894,0,"ALE","RGBT"
138,"clay","workflow",15.9206245040894,0.539202637447652,0,"ALE","RGBT"
139,"clay","workflow",16.0172470474243,0.538157746869878,0,"ALE","RGBT"
140,"clay","workflow",16.1237544250488,0.537230097362085,0,"ALE","RGBT"
141,"clay","workflow",16.2400039100647,0.536413054566777,0,"ALE","RGBT"
142,"clay","workflow",16.3446918487549,0.53540876154574,0,"ALE","RGBT"
143,"clay","workflow",16.4431768608093,0.537597088449654,0,"ALE","RGBT"
144,"clay","workflow",16.5481090927124,0.538685970404496,0,"ALE","RGBT"
145,"clay","workflow",16.6270384597778,0.538796330769385,0,"ALE","RGBT"
146,"clay","workflow",16.72077003479,0.539456239446441,0,"ALE","RGBT"
147,"clay","workflow",16.8128336906433,0.540846332152893,0,"ALE","RGBT"
148,"clay","workflow",16.9087184143066,0.54082007347506,0,"ALE","RGBT"
149,"clay","workflow",16.9933626556397,0.540301958800946,0,"ALE","RGBT"
150,"clay","workflow",17.0827439117432,0.540007604370874,0,"ALE","RGBT"
151,"clay","workflow",17.1844807815552,0.540015223519358,0,"ALE","RGBT"
152,"clay","workflow",17.2862911224365,0.540041864820507,0,"ALE","RGBT"
153,"clay","workflow",17.3717978858948,0.540456720643733,0,"ALE","RGBT"
154,"clay","workflow",17.4548503112793,0.541098961304242,0,"ALE","RGBT"
155,"clay","workflow",17.5367932319641,0.541662760379322,0,"ALE","RGBT"
156,"clay","workflow",17.6209579849243,0.541386699260096,0,"ALE","RGBT"
157,"clay","workflow",17.7143934249878,0.542123819238748,0,"ALE","RGBT"
158,"clay","workflow",17.7946842193604,0.5420398085053,0,"ALE","RGBT"
159,"clay","workflow",17.8797360610962,0.541952588871271,0,"ALE","RGBT"
160,"clay","workflow",17.954898109436,0.541827349306125,0,"ALE","RGBT"
161,"clay","workflow",18.0326096916199,0.541902492586016,0,"ALE","RGBT"
162,"clay","workflow",18.1006061553955,0.542008759643377,0,"ALE","RGBT"
163,"clay","workflow",18.1834199905395,0.542021058355649,0,"ALE","RGBT"
164,"clay","workflow",18.2627898406982,0.541986296632686,0,"ALE","RGBT"
165,"clay","workflow",18.3522092437744,0.541862216718898,0,"ALE","RGBT"
166,"clay","workflow",18.4360974121094,0.541618297508851,0,"ALE","RGBT"
167,"clay","workflow",18.5222367286682,0.540676228693511,0,"ALE","RGBT"
168,"clay","workflow",18.5863591384888,0.541013145744822,0,"ALE","RGBT"
169,"clay","workflow",18.6542185020447,0.540924219426952,0,"ALE","RGBT"
170,"clay","workflow",18.7368740081787,0.540737187852471,0,"ALE","RGBT"
171,"clay","workflow",18.8172067832947,0.540813117950238,0,"ALE","RGBT"
172,"clay","workflow",18.9035930633545,0.540351842620157,0,"ALE","RGBT"
173,"clay","workflow",18.9825932693481,0.540311576112147,0,"ALE","RGBT"
174,"clay","workflow",19.077174987793,0.539574330524569,0,"ALE","RGBT"
175,"clay","workflow",19.1693369293213,0.538977081536579,0,"ALE","RGBT"
176,"clay","workflow",19.2714611434937,0.53843565688232,0,"ALE","RGBT"
177,"clay","workflow",19.367582321167,0.537020847905627,0,"ALE","RGBT"
178,"clay","workflow",19.4851114654541,0.536880838951405,0,"ALE","RGBT"
179,"clay","workflow",19.5753763389587,0.536842077425202,0,"ALE","RGBT"
180,"clay","workflow",19.6857120513916,0.536929416553151,0,"ALE","RGBT"
181,"clay","workflow",19.810229473114,0.537385600787474,0,"ALE","RGBT"
182,"clay","workflow",19.9455940246582,0.537696555504047,0,"ALE","RGBT"
183,"clay","workflow",20.0759379577637,0.53816292585784,0,"ALE","RGBT"
184,"clay","workflow",20.2483055877686,0.538684469923554,0,"ALE","RGBT"
185,"clay","workflow",20.4167504501343,0.538881744804587,0,"ALE","RGBT"
186,"clay","workflow",20.582693862915,0.53880143028164,0,"ALE","RGBT"
187,"clay","workflow",20.8029266357422,0.538238145080414,0,"ALE","RGBT"
188,"clay","workflow",21.0294248580933,0.53841244594383,0,"ALE","RGBT"
189,"clay","workflow",21.2984251213074,0.538808829163663,0,"ALE","RGBT"
190,"clay","workflow",21.5170510864258,0.539320826766637,0,"ALE","RGBT"
191,"clay","workflow",21.8188255882263,0.539178069899027,0,"ALE","RGBT"
192,"clay","workflow",22.1146818161011,0.539438023967404,0,"ALE","RGBT"
193,"clay","workflow",22.4733054542541,0.540396515295389,0,"ALE","RGBT"
194,"clay","workflow",22.7453710174561,0.539893108060737,0,"ALE","RGBT"
195,"clay","workflow",22.964573173523,0.539880503414124,0,"ALE","RGBT"
196,"clay","workflow",23.3768060684204,0.539703476045985,0,"ALE","RGBT"
197,"clay","workflow",23.9327152252197,0.53966783775718,0,"ALE","RGBT"
198,"clay","workflow",24.51465965271,0.539100443631734,0,"ALE","RGBT"
199,"clay","workflow",25.3090152168274,0.532519981826481,0,"ALE","RGBT"
200,"clay","workflow",26.2582009506226,0.527690122539482,0,"ALE","RGBT"
201,"clay","workflow",29.1779920768738,0.524123411743853,0,"ALE","RGBT"
202,"clay","workflow",50.8131561279297,0.524123411743853,0,"ALE","RGBT"
203,"GSPDD5","workflow",71.5827255249023,0.454169011716935,0,"ALE","RGBT"
204,"GSPDD5","workflow",166.059286193848,0.454169011716935,0,"ALE","RGBT"
205,"GSPDD5","workflow",185.154791870117,0.454097260138933,0,"ALE","RGBT"
206,"GSPDD5","workflow",197.284925079346,0.454497936926515,0,"ALE","RGBT"
207,"GSPDD5","workflow",210.404430541992,0.455235513770255,0,"ALE","RGBT"
208,"GSPDD5","workflow",220.827765655518,0.461392689692485,0,"ALE","RGBT"
209,"GSPDD5","workflow",229.83603515625,0.464426157438933,0,"ALE","RGBT"
210,"GSPDD5","workflow",237.314934082031,0.46490814725178,0,"ALE","RGBT"
211,"GSPDD5","workflow",242.020034179688,0.465622734691997,0,"ALE","RGBT"
212,"GSPDD5","workflow",245.809624786377,0.465510438820703,0,"ALE","RGBT"
213,"GSPDD5","workflow",250.185479736328,0.464575734576687,0,"ALE","RGBT"
214,"GSPDD5","workflow",254.79227722168,0.465290612196523,0,"ALE","RGBT"
215,"GSPDD5","workflow",258.256970214844,0.465654670213207,0,"ALE","RGBT"
216,"GSPDD5","workflow",262.455622253418,0.465955096076623,0,"ALE","RGBT"
217,"GSPDD5","workflow",265.768195800781,0.469284887492398,0,"ALE","RGBT"
218,"GSPDD5","workflow",269.334194946289,0.485365072707787,0,"ALE","RGBT"
219,"GSPDD5","workflow",272.395909423828,0.494972083543364,0,"ALE","RGBT"
220,"GSPDD5","workflow",276.043948669434,0.495538783382501,0,"ALE","RGBT"
221,"GSPDD5","workflow",279.208982543945,0.496853931801669,0,"ALE","RGBT"
222,"GSPDD5","workflow",282.461248779297,0.500243314505765,0,"ALE","RGBT"
223,"GSPDD5","workflow",285.399554443359,0.503913106005651,0,"ALE","RGBT"
224,"GSPDD5","workflow",288.39249206543,0.513533703225085,0,"ALE","RGBT"
225,"GSPDD5","workflow",291.576193237305,0.514256561374143,0,"ALE","RGBT"
226,"GSPDD5","workflow",294.361940612793,0.514019864096211,0,"ALE","RGBT"
227,"GSPDD5","workflow",297.200133056641,0.517217204578728,0,"ALE","RGBT"
228,"GSPDD5","workflow",300.392593383789,0.522330909911161,0,"ALE","RGBT"
229,"GSPDD5","workflow",303.300503540039,0.522932754287823,0,"ALE","RGBT"
230,"GSPDD5","workflow",306.91050201416,0.522551553843929,0,"ALE","RGBT"
231,"GSPDD5","workflow",310.638109130859,0.521927007595465,0,"ALE","RGBT"
232,"GSPDD5","workflow",313.620368652344,0.521507548135696,0,"ALE","RGBT"
233,"GSPDD5","workflow",316.625946044922,0.521910573497193,0,"ALE","RGBT"
234,"GSPDD5","workflow",320.015084228516,0.522071154044935,0,"ALE","RGBT"
235,"GSPDD5","workflow",324.105432128906,0.522007477783151,0,"ALE","RGBT"
236,"GSPDD5","workflow",327.108403015137,0.521934929165352,0,"ALE","RGBT"
237,"GSPDD5","workflow",330.369183959961,0.522332857373884,0,"ALE","RGBT"
238,"GSPDD5","workflow",333.893583679199,0.522309613814565,0,"ALE","RGBT"
239,"GSPDD5","workflow",336.891717529297,0.524125327293949,0,"ALE","RGBT"
240,"GSPDD5","workflow",340.660914916992,0.525734768646377,0,"ALE","RGBT"
241,"GSPDD5","workflow",343.816217041016,0.526672667519369,0,"ALE","RGBT"
242,"GSPDD5","workflow",347.152532653809,0.529309200067825,0,"ALE","RGBT"
243,"GSPDD5","workflow",351.206060791016,0.529656724433638,0,"ALE","RGBT"
244,"GSPDD5","workflow",355.292217102051,0.53519122614542,0,"ALE","RGBT"
245,"GSPDD5","workflow",358.682922973633,0.537038535167643,0,"ALE","RGBT"
246,"GSPDD5","workflow",362.098834533691,0.542046541650016,0,"ALE","RGBT"
247,"GSPDD5","workflow",366.604248046875,0.552508234755046,0,"ALE","RGBT"
248,"GSPDD5","workflow",370.806547546387,0.553243414549888,0,"ALE","RGBT"
249,"GSPDD5","workflow",375.606906738281,0.554968802826556,0,"ALE","RGBT"
250,"GSPDD5","workflow",378.427149658203,0.560190044123944,0,"ALE","RGBT"
251,"GSPDD5","workflow",381.744660644531,0.561195172310376,0,"ALE","RGBT"
252,"GSPDD5","workflow",385.743977966309,0.561268037369331,0,"ALE","RGBT"
253,"GSPDD5","workflow",390.011596679688,0.561398481238559,0,"ALE","RGBT"
254,"GSPDD5","workflow",394.468738708496,0.562326303217299,0,"ALE","RGBT"
255,"GSPDD5","workflow",399.477747802734,0.564219274313051,0,"ALE","RGBT"
256,"GSPDD5","workflow",403.382274780273,0.565607438643287,0,"ALE","RGBT"
257,"GSPDD5","workflow",407.328701171875,0.566055179478414,0,"ALE","RGBT"
258,"GSPDD5","workflow",411.78908996582,0.566538543191178,0,"ALE","RGBT"
259,"GSPDD5","workflow",416.305678710938,0.566821292793192,0,"ALE","RGBT"
260,"GSPDD5","workflow",420.286159667969,0.567384119135067,0,"ALE","RGBT"
261,"GSPDD5","workflow",423.303497924805,0.567518460369834,0,"ALE","RGBT"
262,"GSPDD5","workflow",426.876164550781,0.567544373275404,0,"ALE","RGBT"
263,"GSPDD5","workflow",430.195080566406,0.567554745491686,0,"ALE","RGBT"
264,"GSPDD5","workflow",433.33103302002,0.568128073299338,0,"ALE","RGBT"
265,"GSPDD5","workflow",436.574775390625,0.57111396805091,0,"ALE","RGBT"
266,"GSPDD5","workflow",439.524010925293,0.572770245788927,0,"ALE","RGBT"
267,"GSPDD5","workflow",442.655444335938,0.575951428119965,0,"ALE","RGBT"
268,"GSPDD5","workflow",445.960092163086,0.577013730768419,0,"ALE","RGBT"
269,"GSPDD5","workflow",448.905354003906,0.577971406688011,0,"ALE","RGBT"
270,"GSPDD5","workflow",451.759410400391,0.578066470363462,0,"ALE","RGBT"
271,"GSPDD5","workflow",454.918795166016,0.578421278093796,0,"ALE","RGBT"
272,"GSPDD5","workflow",458.140790100098,0.578457257305334,0,"ALE","RGBT"
273,"GSPDD5","workflow",461.00791015625,0.57858725587166,0,"ALE","RGBT"
274,"GSPDD5","workflow",464.066344299316,0.578597565913221,0,"ALE","RGBT"
275,"GSPDD5","workflow",467.198067626953,0.57917565536411,0,"ALE","RGBT"
276,"GSPDD5","workflow",470.969945068359,0.580312409476,0,"ALE","RGBT"
277,"GSPDD5","workflow",474.99983581543,0.580396849907033,0,"ALE","RGBT"
278,"GSPDD5","workflow",478.498161315918,0.580363182482501,0,"ALE","RGBT"
279,"GSPDD5","workflow",481.912438964844,0.580083764056784,0,"ALE","RGBT"
280,"GSPDD5","workflow",485.727940063477,0.579696726317097,0,"ALE","RGBT"
281,"GSPDD5","workflow",490.144392700195,0.578769271812308,0,"ALE","RGBT"
282,"GSPDD5","workflow",494.520132446289,0.577181190770504,0,"ALE","RGBT"
283,"GSPDD5","workflow",498.9349609375,0.576173879958163,0,"ALE","RGBT"
284,"GSPDD5","workflow",503.906192626953,0.575882291443373,0,"ALE","RGBT"
285,"GSPDD5","workflow",509.603117675781,0.572912459589441,0,"ALE","RGBT"
286,"GSPDD5","workflow",517.207890625,0.570476183112004,0,"ALE","RGBT"
287,"GSPDD5","workflow",523.294047851562,0.565456445252285,0,"ALE","RGBT"
288,"GSPDD5","workflow",531.864126586914,0.56237193390296,0,"ALE","RGBT"
289,"GSPDD5","workflow",540.324958496094,0.562791450996137,0,"ALE","RGBT"
290,"GSPDD5","workflow",550.803831176758,0.563522992639966,0,"ALE","RGBT"
291,"GSPDD5","workflow",562.651154785156,0.564349186149741,0,"ALE","RGBT"
292,"GSPDD5","workflow",572.242364501953,0.564870442895221,0,"ALE","RGBT"
293,"GSPDD5","workflow",585.879162597656,0.564211676277989,0,"ALE","RGBT"
294,"GSPDD5","workflow",601.524039916992,0.563695685841039,0,"ALE","RGBT"
295,"GSPDD5","workflow",620.082678222656,0.562807730039775,0,"ALE","RGBT"
296,"GSPDD5","workflow",643.136369018555,0.565199019507865,0,"ALE","RGBT"
297,"GSPDD5","workflow",665.837291259766,0.569838488340714,0,"ALE","RGBT"
298,"GSPDD5","workflow",689.307070922852,0.574611751220963,0,"ALE","RGBT"
299,"GSPDD5","workflow",708.648305664062,0.575010125426637,0,"ALE","RGBT"
300,"GSPDD5","workflow",728.06185180664,0.578774602600553,0,"ALE","RGBT"
301,"GSPDD5","workflow",750.72171875,0.58254411070335,0,"ALE","RGBT"
302,"GSPDD5","workflow",779.650238037109,0.586023771220116,0,"ALE","RGBT"
303,"GSPDD5","workflow",926.077819824219,0.586023771220116,0,"ALE","RGBT"
304,"hli","workflow",0.286246061325073,0.568240686236776,0,"ALE","RGBT"
305,"hli","workflow",0.459815021157265,0.568240686236776,0,"ALE","RGBT"
306,"hli","workflow",0.50479213476181,0.568240686236776,0,"ALE","RGBT"
307,"hli","workflow",0.530049207210541,0.568022678048129,0,"ALE","RGBT"
308,"hli","workflow",0.550714917182922,0.569120941979831,0,"ALE","RGBT"
309,"hli","workflow",0.568668654561043,0.571795116049912,0,"ALE","RGBT"
310,"hli","workflow",0.582670012712479,0.572842770215147,0,"ALE","RGBT"
311,"hli","workflow",0.595934845805168,0.574039184365665,0,"ALE","RGBT"
312,"hli","workflow",0.606554083824158,0.574291827586694,0,"ALE","RGBT"
313,"hli","workflow",0.616864804625511,0.573958883284861,0,"ALE","RGBT"
314,"hli","workflow",0.625359916687012,0.573720325639198,0,"ALE","RGBT"
315,"hli","workflow",0.633716262578964,0.573206810747827,0,"ALE","RGBT"
316,"hli","workflow",0.641771018505096,0.573570671306164,0,"ALE","RGBT"
317,"hli","workflow",0.647803907394409,0.572616052514273,0,"ALE","RGBT"
318,"hli","workflow",0.654213999509811,0.572934436075106,0,"ALE","RGBT"
319,"hli","workflow",0.660760399699211,0.572968357150039,0,"ALE","RGBT"
320,"hli","workflow",0.667444069385529,0.572326078294606,0,"ALE","RGBT"
321,"hli","workflow",0.673153174519539,0.569330389589037,0,"ALE","RGBT"
322,"hli","workflow",0.678544783592224,0.568720028833182,0,"ALE","RGBT"
323,"hli","workflow",0.682804396152496,0.56704960849219,0,"ALE","RGBT"
324,"hli","workflow",0.687196183204651,0.565901086639052,0,"ALE","RGBT"
325,"hli","workflow",0.691424707770347,0.564713475773696,0,"ALE","RGBT"
326,"hli","workflow",0.695478327274323,0.564024970348461,0,"ALE","RGBT"
327,"hli","workflow",0.699903017282486,0.562161851899856,0,"ALE","RGBT"
328,"hli","workflow",0.703529646396637,0.556113206465295,0,"ALE","RGBT"
329,"hli","workflow",0.707228511571884,0.551798306856201,0,"ALE","RGBT"
330,"hli","workflow",0.71075722694397,0.54956857116461,0,"ALE","RGBT"
331,"hli","workflow",0.714033842682838,0.5491922467259,0,"ALE","RGBT"
332,"hli","workflow",0.7172749376297,0.54743910494882,0,"ALE","RGBT"
333,"hli","workflow",0.721342148780823,0.539001921360465,0,"ALE","RGBT"
334,"hli","workflow",0.72477417588234,0.53203021364946,0,"ALE","RGBT"
335,"hli","workflow",0.727547610402107,0.531186869346905,0,"ALE","RGBT"
336,"hli","workflow",0.730215902328491,0.530124179221161,0,"ALE","RGBT"
337,"hli","workflow",0.732866585850716,0.529665271951313,0,"ALE","RGBT"
338,"hli","workflow",0.735505678653717,0.528450605076832,0,"ALE","RGBT"
339,"hli","workflow",0.73791084587574,0.526945620773674,0,"ALE","RGBT"
340,"hli","workflow",0.740481288433075,0.524733049314185,0,"ALE","RGBT"
341,"hli","workflow",0.742964081168175,0.523562406492023,0,"ALE","RGBT"
342,"hli","workflow",0.745468852519989,0.522918674173966,0,"ALE","RGBT"
343,"hli","workflow",0.74817448079586,0.522719186478361,0,"ALE","RGBT"
344,"hli","workflow",0.750548541545868,0.522142954120682,0,"ALE","RGBT"
345,"hli","workflow",0.752771124243736,0.521973073843729,0,"ALE","RGBT"
346,"hli","workflow",0.755238165855408,0.523227325639517,0,"ALE","RGBT"
347,"hli","workflow",0.75750083565712,0.52335038675291,0,"ALE","RGBT"
348,"hli","workflow",0.759417481422424,0.523463475605256,0,"ALE","RGBT"
349,"hli","workflow",0.761299878358841,0.523856229283157,0,"ALE","RGBT"
350,"hli","workflow",0.763526494503021,0.524503836659944,0,"ALE","RGBT"
351,"hli","workflow",0.765569267868996,0.524670765917871,0,"ALE","RGBT"
352,"hli","workflow",0.767900187969208,0.52550491168731,0,"ALE","RGBT"
353,"hli","workflow",0.770258859992027,0.526140669028079,0,"ALE","RGBT"
354,"hli","workflow",0.772530436515808,0.526239381021694,0,"ALE","RGBT"
355,"hli","workflow",0.774664989113808,0.52636115814602,0,"ALE","RGBT"
356,"hli","workflow",0.777184145450592,0.526136953322202,0,"ALE","RGBT"
357,"hli","workflow",0.779438722729683,0.525758424852881,0,"ALE","RGBT"
358,"hli","workflow",0.781772263050079,0.525404787288571,0,"ALE","RGBT"
359,"hli","workflow",0.784055450558662,0.525134179101053,0,"ALE","RGBT"
360,"hli","workflow",0.786403877735138,0.524965938066728,0,"ALE","RGBT"
361,"hli","workflow",0.788849089741707,0.525165174998811,0,"ALE","RGBT"
362,"hli","workflow",0.791432281732559,0.524784211089198,0,"ALE","RGBT"
363,"hli","workflow",0.793559479117393,0.524528451293555,0,"ALE","RGBT"
364,"hli","workflow",0.79617235660553,0.524669389476455,0,"ALE","RGBT"
365,"hli","workflow",0.798550488948822,0.524741365889899,0,"ALE","RGBT"
366,"hli","workflow",0.801226080656052,0.524077918115148,0,"ALE","RGBT"
367,"hli","workflow",0.803902129530907,0.524112701878364,0,"ALE","RGBT"
368,"hli","workflow",0.806562185287476,0.524449222562126,0,"ALE","RGBT"
369,"hli","workflow",0.809523177146912,0.524531471760776,0,"ALE","RGBT"
370,"hli","workflow",0.812087525129318,0.525370242407434,0,"ALE","RGBT"
371,"hli","workflow",0.814754877686501,0.526235347822794,0,"ALE","RGBT"
372,"hli","workflow",0.817353625297546,0.526220847826621,0,"ALE","RGBT"
373,"hli","workflow",0.820269164443016,0.52689258545206,0,"ALE","RGBT"
374,"hli","workflow",0.823066502809525,0.527433621728541,0,"ALE","RGBT"
375,"hli","workflow",0.826041780114174,0.527990435756227,0,"ALE","RGBT"
376,"hli","workflow",0.830009529590607,0.528700982581952,0,"ALE","RGBT"
377,"hli","workflow",0.83321838259697,0.531444628709256,0,"ALE","RGBT"
378,"hli","workflow",0.836795717477798,0.532183646027707,0,"ALE","RGBT"
379,"hli","workflow",0.840199261903763,0.532339248811214,0,"ALE","RGBT"
380,"hli","workflow",0.843582837581634,0.532534081363544,0,"ALE","RGBT"
381,"hli","workflow",0.846486241221428,0.532626078011554,0,"ALE","RGBT"
382,"hli","workflow",0.849676172733307,0.532547126809471,0,"ALE","RGBT"
383,"hli","workflow",0.853267040252686,0.532900789623503,0,"ALE","RGBT"
384,"hli","workflow",0.856864356994629,0.533590064148409,0,"ALE","RGBT"
385,"hli","workflow",0.860435580611229,0.534065876503383,0,"ALE","RGBT"
386,"hli","workflow",0.864154651165009,0.534495254637137,0,"ALE","RGBT"
387,"hli","workflow",0.868068553805351,0.534490267544818,0,"ALE","RGBT"
388,"hli","workflow",0.871985652446747,0.53453399508014,0,"ALE","RGBT"
389,"hli","workflow",0.876547265052795,0.535058232649616,0,"ALE","RGBT"
390,"hli","workflow",0.881177682876587,0.536184416365544,0,"ALE","RGBT"
391,"hli","workflow",0.885632025003433,0.536372019066364,0,"ALE","RGBT"
392,"hli","workflow",0.89011137008667,0.536387296289733,0,"ALE","RGBT"
393,"hli","workflow",0.89531573176384,0.538199392859684,0,"ALE","RGBT"
394,"hli","workflow",0.901135492324829,0.538196653783411,0,"ALE","RGBT"
395,"hli","workflow",0.907311358451843,0.537927552999914,0,"ALE","RGBT"
396,"hli","workflow",0.91281436920166,0.536025069243018,0,"ALE","RGBT"
397,"hli","workflow",0.918772085309029,0.534469388752667,0,"ALE","RGBT"
398,"hli","workflow",0.924053449630737,0.53422002008389,0,"ALE","RGBT"
399,"hli","workflow",0.931786906719208,0.532649447617169,0,"ALE","RGBT"
400,"hli","workflow",0.938876850605011,0.527254340120247,0,"ALE","RGBT"
401,"hli","workflow",0.94737401843071,0.522795256157726,0,"ALE","RGBT"
402,"hli","workflow",0.955228250026703,0.521991591276591,0,"ALE","RGBT"
403,"hli","workflow",0.966211089491844,0.518767675566702,0,"ALE","RGBT"
404,"hli","workflow",0.996352076530457,0.518767675566702,0,"ALE","RGBT"
405,"OM","workflow",-1.24998950958252,0.466975820619759,0,"ALE","RGBT"
406,"OM","workflow",-0.114178167656064,0.466975820619759,0,"ALE","RGBT"
407,"OM","workflow",-0.0570071706175804,0.466975820619759,0,"ALE","RGBT"
408,"OM","workflow",-0.0212380439415574,0.466472214393694,0,"ALE","RGBT"
409,"OM","workflow",-0.000969362831674514,0.466350076584107,0,"ALE","RGBT"
410,"OM","workflow",0.0258024795912206,0.467502354337397,0,"ALE","RGBT"
411,"OM","workflow",0.0517624247819185,0.469208876250688,0,"ALE","RGBT"
412,"OM","workflow",0.0750000029802322,0.466994926938312,0,"ALE","RGBT"
413,"OM","workflow",0.0892535483837128,0.470937638668187,0,"ALE","RGBT"
414,"OM","workflow",0.109824919998646,0.471870312978064,0,"ALE","RGBT"
415,"OM","workflow",0.129066029191017,0.47967768141386,0,"ALE","RGBT"
416,"OM","workflow",0.145678804665804,0.482349670136764,0,"ALE","RGBT"
417,"OM","workflow",0.162350938916206,0.487576416181678,0,"ALE","RGBT"
418,"OM","workflow",0.177318747639656,0.493336501132797,0,"ALE","RGBT"
419,"OM","workflow",0.190301909446716,0.495206659903779,0,"ALE","RGBT"
420,"OM","workflow",0.202591834962368,0.497163240048068,0,"ALE","RGBT"
421,"OM","workflow",0.211931396126747,0.497143502108458,0,"ALE","RGBT"
422,"OM","workflow",0.219597144275904,0.500425886441232,0,"ALE","RGBT"
423,"OM","workflow",0.229445030987263,0.502049343327273,0,"ALE","RGBT"
424,"OM","workflow",0.237583472430706,0.503242002020349,0,"ALE","RGBT"
425,"OM","workflow",0.24677346944809,0.511582314946613,0,"ALE","RGBT"
426,"OM","workflow",0.255621319413185,0.512877354369962,0,"ALE","RGBT"
427,"OM","workflow",0.263657992482185,0.514345438576444,0,"ALE","RGBT"
428,"OM","workflow",0.272203206121922,0.517382197051313,0,"ALE","RGBT"
429,"OM","workflow",0.280052769184113,0.521049567800166,0,"ALE","RGBT"
430,"OM","workflow",0.287396408617496,0.522131311800203,0,"ALE","RGBT"
431,"OM","workflow",0.294622776508331,0.522691310258464,0,"ALE","RGBT"
432,"OM","workflow",0.304246765375137,0.523367057571681,0,"ALE","RGBT"
433,"OM","workflow",0.312414828538895,0.523591776031131,0,"ALE","RGBT"
434,"OM","workflow",0.31920301347971,0.522789761100222,0,"ALE","RGBT"
435,"OM","workflow",0.325462564826012,0.521454234064754,0,"ALE","RGBT"
436,"OM","workflow",0.332717105150223,0.520967586732513,0,"ALE","RGBT"
437,"OM","workflow",0.338892821073532,0.520358378037131,0,"ALE","RGBT"
438,"OM","workflow",0.346379636526108,0.519978924264624,0,"ALE","RGBT"
439,"OM","workflow",0.353481348156929,0.519165973560609,0,"ALE","RGBT"
440,"OM","workflow",0.36094541400671,0.519643984191284,0,"ALE","RGBT"
441,"OM","workflow",0.36761633515358,0.519755336626126,0,"ALE","RGBT"
442,"OM","workflow",0.37526563256979,0.520235841064107,0,"ALE","RGBT"
443,"OM","workflow",0.382771461009979,0.519621038910034,0,"ALE","RGBT"
444,"OM","workflow",0.389509371817112,0.520526341386059,0,"ALE","RGBT"
445,"OM","workflow",0.395623052120209,0.520212544276637,0,"ALE","RGBT"
446,"OM","workflow",0.40186852812767,0.519933997846665,0,"ALE","RGBT"
447,"OM","workflow",0.408136213421822,0.520048685150716,0,"ALE","RGBT"
448,"OM","workflow",0.414912610948086,0.520785902704384,0,"ALE","RGBT"
449,"OM","workflow",0.420740163326263,0.521407990010867,0,"ALE","RGBT"
450,"OM","workflow",0.424935677647591,0.521870336958678,0,"ALE","RGBT"
451,"OM","workflow",0.430156244635582,0.522310400447418,0,"ALE","RGBT"
452,"OM","workflow",0.435042375326157,0.524864807113031,0,"ALE","RGBT"
453,"OM","workflow",0.440369516611099,0.525795225742269,0,"ALE","RGBT"
454,"OM","workflow",0.446491064429283,0.526890241220538,0,"ALE","RGBT"
455,"OM","workflow",0.452304631471634,0.531516253722438,0,"ALE","RGBT"
456,"OM","workflow",0.457058817148209,0.533365791754255,0,"ALE","RGBT"
457,"OM","workflow",0.463107476234436,0.533777718931677,0,"ALE","RGBT"
458,"OM","workflow",0.46900766402483,0.533851107643489,0,"ALE","RGBT"
459,"OM","workflow",0.473780418038368,0.533457469806083,0,"ALE","RGBT"
460,"OM","workflow",0.48029400408268,0.536346692647699,0,"ALE","RGBT"
461,"OM","workflow",0.485487736463547,0.543604125942081,0,"ALE","RGBT"
462,"OM","workflow",0.491882525980473,0.54911505257845,0,"ALE","RGBT"
463,"OM","workflow",0.497146093845367,0.552962030800062,0,"ALE","RGBT"
464,"OM","workflow",0.501827384829521,0.556262553018407,0,"ALE","RGBT"
465,"OM","workflow",0.507436406612396,0.55666547879916,0,"ALE","RGBT"
466,"OM","workflow",0.513482629656792,0.556229733033584,0,"ALE","RGBT"
467,"OM","workflow",0.517932109832764,0.556184288939849,0,"ALE","RGBT"
468,"OM","workflow",0.523027291297913,0.558866375966558,0,"ALE","RGBT"
469,"OM","workflow",0.528611843585968,0.566107062930855,0,"ALE","RGBT"
470,"OM","workflow",0.53301847577095,0.570682483866936,0,"ALE","RGBT"
471,"OM","workflow",0.53971044421196,0.573551370500167,0,"ALE","RGBT"
472,"OM","workflow",0.545667926669121,0.574042849926705,0,"ALE","RGBT"
473,"OM","workflow",0.551994943618774,0.574457025348754,0,"ALE","RGBT"
474,"OM","workflow",0.558455852270126,0.5762535384847,0,"ALE","RGBT"
475,"OM","workflow",0.564769399166107,0.578016575248558,0,"ALE","RGBT"
476,"OM","workflow",0.57266096830368,0.578118481543644,0,"ALE","RGBT"
477,"OM","workflow",0.58001147031784,0.577668224739612,0,"ALE","RGBT"
478,"OM","workflow",0.586956971287727,0.58022233721978,0,"ALE","RGBT"
479,"OM","workflow",0.595871064662933,0.580678222004183,0,"ALE","RGBT"
480,"OM","workflow",0.603836119174957,0.580214370145395,0,"ALE","RGBT"
481,"OM","workflow",0.610898461341858,0.581591945006037,0,"ALE","RGBT"
482,"OM","workflow",0.617218617200852,0.58451568386032,0,"ALE","RGBT"
483,"OM","workflow",0.623377411365509,0.584422178080995,0,"ALE","RGBT"
484,"OM","workflow",0.631018593907356,0.584453176323232,0,"ALE","RGBT"
485,"OM","workflow",0.638379180431366,0.585053676309885,0,"ALE","RGBT"
486,"OM","workflow",0.64666649222374,0.585698402671368,0,"ALE","RGBT"
487,"OM","workflow",0.656340781450272,0.584852489247011,0,"ALE","RGBT"
488,"OM","workflow",0.668269112110138,0.585245616804475,0,"ALE","RGBT"
489,"OM","workflow",0.6782120013237,0.583804239765187,0,"ALE","RGBT"
490,"OM","workflow",0.687670958042145,0.583999806830823,0,"ALE","RGBT"
491,"OM","workflow",0.699675025939941,0.586169308718012,0,"ALE","RGBT"
492,"OM","workflow",0.713281506896019,0.586220818685801,0,"ALE","RGBT"
493,"OM","workflow",0.7248859167099,0.585815448792869,0,"ALE","RGBT"
494,"OM","workflow",0.739405816197395,0.587203305277957,0,"ALE","RGBT"
495,"OM","workflow",0.754850947856903,0.587863101337616,0,"ALE","RGBT"
496,"OM","workflow",0.775412999391556,0.588499412104379,0,"ALE","RGBT"
497,"OM","workflow",0.792388296127319,0.588809657377561,0,"ALE","RGBT"
498,"OM","workflow",0.813149679899216,0.590839310873842,0,"ALE","RGBT"
499,"OM","workflow",0.836637547016144,0.591239539176394,0,"ALE","RGBT"
500,"OM","workflow",0.861523333191872,0.592079108068007,0,"ALE","RGBT"
501,"OM","workflow",0.889677004814147,0.592540644167865,0,"ALE","RGBT"
502,"OM","workflow",0.926613247394561,0.595009458656941,0,"ALE","RGBT"
503,"OM","workflow",0.977169107198715,0.595009458656941,0,"ALE","RGBT"
504,"OM","workflow",1.04015288472176,0.595009458656941,0,"ALE","RGBT"
505,"OM","workflow",1.54962706565857,0.595009458656941,0,"ALE","RGBT"
506,"PRATIO","workflow",0.326286375522614,0.602599447080816,0,"ALE","RGBT"
507,"PRATIO","workflow",0.364584320783615,0.602599447080816,0,"ALE","RGBT"
508,"PRATIO","workflow",0.379066008329392,0.603687330193821,0,"ALE","RGBT"
509,"PRATIO","workflow",0.386461151540279,0.603873039581558,0,"ALE","RGBT"
510,"PRATIO","workflow",0.39117405295372,0.610505411692927,0,"ALE","RGBT"
511,"PRATIO","workflow",0.396626648306847,0.611226456484785,0,"ALE","RGBT"
512,"PRATIO","workflow",0.400903986096382,0.611549128049785,0,"ALE","RGBT"
513,"PRATIO","workflow",0.405181890428066,0.610635681002389,0,"ALE","RGBT"
514,"PRATIO","workflow",0.408414475917816,0.610311675804817,0,"ALE","RGBT"
515,"PRATIO","workflow",0.4118797275424,0.610529917874512,0,"ALE","RGBT"
516,"PRATIO","workflow",0.414799764752388,0.610734435361577,0,"ALE","RGBT"
517,"PRATIO","workflow",0.417475706636906,0.610873408932232,0,"ALE","RGBT"
518,"PRATIO","workflow",0.419894951581955,0.610904349336963,0,"ALE","RGBT"
519,"PRATIO","workflow",0.422331132590771,0.610867954973402,0,"ALE","RGBT"
520,"PRATIO","workflow",0.424690200090408,0.611015673495194,0,"ALE","RGBT"
521,"PRATIO","workflow",0.426825104653835,0.61114471159387,0,"ALE","RGBT"
522,"PRATIO","workflow",0.429351341724396,0.610757402107771,0,"ALE","RGBT"
523,"PRATIO","workflow",0.43144028365612,0.610970445785446,0,"ALE","RGBT"
524,"PRATIO","workflow",0.433528403639793,0.610859508483987,0,"ALE","RGBT"
525,"PRATIO","workflow",0.435782164335251,0.610847900656282,0,"ALE","RGBT"
526,"PRATIO","workflow",0.438140618801117,0.611018188446305,0,"ALE","RGBT"
527,"PRATIO","workflow",0.440366813540459,0.611098405411326,0,"ALE","RGBT"
528,"PRATIO","workflow",0.442600865364075,0.610472629268466,0,"ALE","RGBT"
529,"PRATIO","workflow",0.444881338477135,0.610074125851999,0,"ALE","RGBT"
530,"PRATIO","workflow",0.44722193479538,0.610291444060178,0,"ALE","RGBT"
531,"PRATIO","workflow",0.449727177619934,0.607798627323466,0,"ALE","RGBT"
532,"PRATIO","workflow",0.451901742219925,0.606851678220195,0,"ALE","RGBT"
533,"PRATIO","workflow",0.453899801671505,0.606932985067488,0,"ALE","RGBT"
534,"PRATIO","workflow",0.455896977186203,0.606931837600567,0,"ALE","RGBT"
535,"PRATIO","workflow",0.457730460166931,0.606094661136072,0,"ALE","RGBT"
536,"PRATIO","workflow",0.45968371629715,0.605936557718691,0,"ALE","RGBT"
537,"PRATIO","workflow",0.461371358633041,0.606090968852222,0,"ALE","RGBT"
538,"PRATIO","workflow",0.463238981962204,0.606111516025862,0,"ALE","RGBT"
539,"PRATIO","workflow",0.464983029067516,0.606217668771194,0,"ALE","RGBT"
540,"PRATIO","workflow",0.467008885145187,0.606097830544064,0,"ALE","RGBT"
541,"PRATIO","workflow",0.468859553337097,0.606332070369222,0,"ALE","RGBT"
542,"PRATIO","workflow",0.470851274728775,0.606854513652471,0,"ALE","RGBT"
543,"PRATIO","workflow",0.472499673366547,0.60700584001512,0,"ALE","RGBT"
544,"PRATIO","workflow",0.474290093779564,0.606904308246837,0,"ALE","RGBT"
545,"PRATIO","workflow",0.476403371095657,0.606587888754913,0,"ALE","RGBT"
546,"PRATIO","workflow",0.478850269317627,0.606879283586883,0,"ALE","RGBT"
547,"PRATIO","workflow",0.481049016714096,0.607296367317883,0,"ALE","RGBT"
548,"PRATIO","workflow",0.483619848489761,0.607725347759091,0,"ALE","RGBT"
549,"PRATIO","workflow",0.486011855602264,0.607319829710198,0,"ALE","RGBT"
550,"PRATIO","workflow",0.4883573615551,0.607564926424021,0,"ALE","RGBT"
551,"PRATIO","workflow",0.490164461731911,0.607533869502297,0,"ALE","RGBT"
552,"PRATIO","workflow",0.491885660886764,0.609579510760465,0,"ALE","RGBT"
553,"PRATIO","workflow",0.494231640696526,0.608659105815215,0,"ALE","RGBT"
554,"PRATIO","workflow",0.496484880447388,0.606165679757641,0,"ALE","RGBT"
555,"PRATIO","workflow",0.498554812073708,0.603938707881852,0,"ALE","RGBT"
556,"PRATIO","workflow",0.500773727893829,0.600796035578907,0,"ALE","RGBT"
557,"PRATIO","workflow",0.503376363515854,0.589535766008295,0,"ALE","RGBT"
558,"PRATIO","workflow",0.505796668529511,0.58804154956353,0,"ALE","RGBT"
559,"PRATIO","workflow",0.508471014499664,0.585550087326048,0,"ALE","RGBT"
560,"PRATIO","workflow",0.510662142038345,0.577318852855006,0,"ALE","RGBT"
561,"PRATIO","workflow",0.513506555557251,0.572926223259077,0,"ALE","RGBT"
562,"PRATIO","workflow",0.51681262254715,0.573401230111607,0,"ALE","RGBT"
563,"PRATIO","workflow",0.519727799296379,0.57379712973353,0,"ALE","RGBT"
564,"PRATIO","workflow",0.522446143627167,0.572512006691536,0,"ALE","RGBT"
565,"PRATIO","workflow",0.525352382063866,0.553908007373642,0,"ALE","RGBT"
566,"PRATIO","workflow",0.528081369400024,0.512146975338232,0,"ALE","RGBT"
567,"PRATIO","workflow",0.531785037517548,0.502690897486886,0,"ALE","RGBT"
568,"PRATIO","workflow",0.535114380121231,0.498656785756615,0,"ALE","RGBT"
569,"PRATIO","workflow",0.539176572561264,0.494367748076919,0,"ALE","RGBT"
570,"PRATIO","workflow",0.542261874675751,0.493266901587269,0,"ALE","RGBT"
571,"PRATIO","workflow",0.545991426706314,0.492820993961137,0,"ALE","RGBT"
572,"PRATIO","workflow",0.550120624303818,0.493211941558492,0,"ALE","RGBT"
573,"PRATIO","workflow",0.554484656453133,0.491455625834249,0,"ALE","RGBT"
574,"PRATIO","workflow",0.558905382156372,0.485913621184121,0,"ALE","RGBT"
575,"PRATIO","workflow",0.563301059007645,0.476962306696651,0,"ALE","RGBT"
576,"PRATIO","workflow",0.566821026802063,0.47421713287591,0,"ALE","RGBT"
577,"PRATIO","workflow",0.570438908338547,0.473460930363189,0,"ALE","RGBT"
578,"PRATIO","workflow",0.573442494869232,0.472891635487447,0,"ALE","RGBT"
579,"PRATIO","workflow",0.578235176801681,0.471136771994872,0,"ALE","RGBT"
580,"PRATIO","workflow",0.582763390541077,0.469525557865263,0,"ALE","RGBT"
581,"PRATIO","workflow",0.588114857673645,0.459710585921282,0,"ALE","RGBT"
582,"PRATIO","workflow",0.593135044574738,0.457711703639073,0,"ALE","RGBT"
583,"PRATIO","workflow",0.598190057873726,0.457716193535989,0,"ALE","RGBT"
584,"PRATIO","workflow",0.605486974716187,0.453913412933556,0,"ALE","RGBT"
585,"PRATIO","workflow",0.613233594894409,0.451828599210682,0,"ALE","RGBT"
586,"PRATIO","workflow",0.620373094081879,0.451603328945168,0,"ALE","RGBT"
587,"PRATIO","workflow",0.62841558277607,0.455252824557186,0,"ALE","RGBT"
588,"PRATIO","workflow",0.63459846496582,0.454661586812865,0,"ALE","RGBT"
589,"PRATIO","workflow",0.640666016936302,0.453027082430193,0,"ALE","RGBT"
590,"PRATIO","workflow",0.647029800415039,0.45191682406926,0,"ALE","RGBT"
591,"PRATIO","workflow",0.652877706289291,0.451820058655866,0,"ALE","RGBT"
592,"PRATIO","workflow",0.660035378932953,0.451266035778995,0,"ALE","RGBT"
593,"PRATIO","workflow",0.66572624027729,0.44782595248164,0,"ALE","RGBT"
594,"PRATIO","workflow",0.67303190946579,0.429474027598861,0,"ALE","RGBT"
595,"PRATIO","workflow",0.679848256111145,0.425903253105843,0,"ALE","RGBT"
596,"PRATIO","workflow",0.686471325159073,0.415581264207205,0,"ALE","RGBT"
597,"PRATIO","workflow",0.69268221616745,0.39675277817031,0,"ALE","RGBT"
598,"PRATIO","workflow",0.69790854215622,0.389686654845518,0,"ALE","RGBT"
599,"PRATIO","workflow",0.703745517730713,0.386158210248717,0,"ALE","RGBT"
600,"PRATIO","workflow",0.710075554847717,0.384118711214987,0,"ALE","RGBT"
601,"PRATIO","workflow",0.715800079703331,0.378190429622138,0,"ALE","RGBT"
602,"PRATIO","workflow",0.72284740447998,0.376608831248719,0,"ALE","RGBT"
603,"PRATIO","workflow",0.730511476397514,0.374183201703601,0,"ALE","RGBT"
604,"PRATIO","workflow",0.74292696595192,0.374183201703601,0,"ALE","RGBT"
605,"PRATIO","workflow",0.758896772861481,0.37438768877713,0,"ALE","RGBT"
606,"PRATIO","workflow",0.799572348594666,0.37438768877713,0,"ALE","RGBT"
607,"RH","workflow",38.6966285705566,0.417614975195481,0,"ALE","RGBT"
608,"RH","workflow",42.5261520004272,0.417614975195481,0,"ALE","RGBT"
609,"RH","workflow",43.2462159729004,0.41760274356454,0,"ALE","RGBT"
610,"RH","workflow",43.7573014831543,0.416970873632288,0,"ALE","RGBT"
611,"RH","workflow",44.3213403320313,0.416879952803492,0,"ALE","RGBT"
612,"RH","workflow",44.678281211853,0.431536187372416,0,"ALE","RGBT"
613,"RH","workflow",45.1480674743652,0.458900964129391,0,"ALE","RGBT"
614,"RH","workflow",45.5616289901733,0.490182310539142,0,"ALE","RGBT"
615,"RH","workflow",45.9006280517578,0.490787273256726,0,"ALE","RGBT"
616,"RH","workflow",46.0741260910034,0.492389618447105,0,"ALE","RGBT"
617,"RH","workflow",46.3362373352051,0.498448970681625,0,"ALE","RGBT"
618,"RH","workflow",46.5869554519653,0.513953753964999,0,"ALE","RGBT"
619,"RH","workflow",46.8234658813477,0.520055528621758,0,"ALE","RGBT"
620,"RH","workflow",47.0571827697754,0.521444085698305,0,"ALE","RGBT"
621,"RH","workflow",47.2489492797852,0.525080128568341,0,"ALE","RGBT"
622,"RH","workflow",47.4387245178223,0.527466846752495,0,"ALE","RGBT"
623,"RH","workflow",47.6250942993164,0.532536545169156,0,"ALE","RGBT"
624,"RH","workflow",47.7906756210327,0.535053313997546,0,"ALE","RGBT"
625,"RH","workflow",47.9723494720459,0.5385522551673,0,"ALE","RGBT"
626,"RH","workflow",48.100703163147,0.540173156409607,0,"ALE","RGBT"
627,"RH","workflow",48.3082443237305,0.541051822203977,0,"ALE","RGBT"
628,"RH","workflow",48.4543468475342,0.54104770762735,0,"ALE","RGBT"
629,"RH","workflow",48.6149597167969,0.541712911033397,0,"ALE","RGBT"
630,"RH","workflow",48.7700469970703,0.543588545108486,0,"ALE","RGBT"
631,"RH","workflow",48.909143371582,0.548142787257738,0,"ALE","RGBT"
632,"RH","workflow",49.0649852752686,0.549632804739897,0,"ALE","RGBT"
633,"RH","workflow",49.2152703857422,0.550379178703425,0,"ALE","RGBT"
634,"RH","workflow",49.3469875335693,0.551393413412026,0,"ALE","RGBT"
635,"RH","workflow",49.468334197998,0.553681685794634,0,"ALE","RGBT"
636,"RH","workflow",49.5773113632202,0.556533449757552,0,"ALE","RGBT"
637,"RH","workflow",49.7003284454346,0.558323596543291,0,"ALE","RGBT"
638,"RH","workflow",49.8116591644287,0.558658089113895,0,"ALE","RGBT"
639,"RH","workflow",49.9197816467285,0.559047698943494,0,"ALE","RGBT"
640,"RH","workflow",50.0383158111572,0.558747857320074,0,"ALE","RGBT"
641,"RH","workflow",50.1398205566406,0.558193154004034,0,"ALE","RGBT"
642,"RH","workflow",50.2629137039185,0.557621199103179,0,"ALE","RGBT"
643,"RH","workflow",50.3749882507324,0.557537788546538,0,"ALE","RGBT"
644,"RH","workflow",50.4852802658081,0.557656713856457,0,"ALE","RGBT"
645,"RH","workflow",50.600671005249,0.557664343681053,0,"ALE","RGBT"
646,"RH","workflow",50.7323245239258,0.55757181564503,0,"ALE","RGBT"
647,"RH","workflow",50.8311111450195,0.557688881897136,0,"ALE","RGBT"
648,"RH","workflow",50.9229160308838,0.557730650221399,0,"ALE","RGBT"
649,"RH","workflow",51.000550994873,0.557005845125319,0,"ALE","RGBT"
650,"RH","workflow",51.092288017273,0.556602936809745,0,"ALE","RGBT"
651,"RH","workflow",51.1945756530762,0.556377336764279,0,"ALE","RGBT"
652,"RH","workflow",51.3209112167358,0.555969239501116,0,"ALE","RGBT"
653,"RH","workflow",51.4484178924561,0.555697352604062,0,"ALE","RGBT"
654,"RH","workflow",51.5494288635254,0.555589519591812,0,"ALE","RGBT"
655,"RH","workflow",51.6546815490723,0.55574360639699,0,"ALE","RGBT"
656,"RH","workflow",51.7531528091431,0.555792647979704,0,"ALE","RGBT"
657,"RH","workflow",51.840368270874,0.556018967391763,0,"ALE","RGBT"
658,"RH","workflow",51.9280794525147,0.555636774700879,0,"ALE","RGBT"
659,"RH","workflow",51.9995683288574,0.555597081415817,0,"ALE","RGBT"
660,"RH","workflow",52.0697362518311,0.557249843810762,0,"ALE","RGBT"
661,"RH","workflow",52.1549407196045,0.557314421667935,0,"ALE","RGBT"
662,"RH","workflow",52.2613843917847,0.557995725950288,0,"ALE","RGBT"
663,"RH","workflow",52.3445693969727,0.558772912890175,0,"ALE","RGBT"
664,"RH","workflow",52.4312298965454,0.559233128343344,0,"ALE","RGBT"
665,"RH","workflow",52.5047340393066,0.559050122607912,0,"ALE","RGBT"
666,"RH","workflow",52.6031528091431,0.55903678716915,0,"ALE","RGBT"
667,"RH","workflow",52.6982208251953,0.559005842158204,0,"ALE","RGBT"
668,"RH","workflow",52.781428642273,0.558756095062812,0,"ALE","RGBT"
669,"RH","workflow",52.8536059570312,0.558712597490336,0,"ALE","RGBT"
670,"RH","workflow",52.9282299423218,0.558726849446207,0,"ALE","RGBT"
671,"RH","workflow",52.9876750183105,0.558572139425223,0,"ALE","RGBT"
672,"RH","workflow",53.0699207305908,0.557744240225583,0,"ALE","RGBT"
673,"RH","workflow",53.1703924560547,0.556692152806362,0,"ALE","RGBT"
674,"RH","workflow",53.2518423461914,0.556929990229466,0,"ALE","RGBT"
675,"RH","workflow",53.3347424316406,0.556776803228681,0,"ALE","RGBT"
676,"RH","workflow",53.437516784668,0.556406635055497,0,"ALE","RGBT"
677,"RH","workflow",53.5357479095459,0.555723416125045,0,"ALE","RGBT"
678,"RH","workflow",53.6308535766602,0.555726967668582,0,"ALE","RGBT"
679,"RH","workflow",53.7482275390625,0.555313377224943,0,"ALE","RGBT"
680,"RH","workflow",53.8459230041504,0.554920763590106,0,"ALE","RGBT"
681,"RH","workflow",53.944986114502,0.554412110871652,0,"ALE","RGBT"
682,"RH","workflow",54.0478792190552,0.553903798514797,0,"ALE","RGBT"
683,"RH","workflow",54.166460723877,0.553446067552684,0,"ALE","RGBT"
684,"RH","workflow",54.2938647842407,0.553409043676213,0,"ALE","RGBT"
685,"RH","workflow",54.408664855957,0.553447099023744,0,"ALE","RGBT"
686,"RH","workflow",54.514993095398,0.553641067281387,0,"ALE","RGBT"
687,"RH","workflow",54.6268821716309,0.554162992109413,0,"ALE","RGBT"
688,"RH","workflow",54.7483712768555,0.55384326748222,0,"ALE","RGBT"
689,"RH","workflow",54.8715721893311,0.553658188110647,0,"ALE","RGBT"
690,"RH","workflow",54.9867092895508,0.553651312156914,0,"ALE","RGBT"
691,"RH","workflow",55.1066937255859,0.553507781078016,0,"ALE","RGBT"
692,"RH","workflow",55.223749923706,0.553798788423489,0,"ALE","RGBT"
693,"RH","workflow",55.3546650695801,0.554351421364808,0,"ALE","RGBT"
694,"RH","workflow",55.5119964599609,0.554376179692061,0,"ALE","RGBT"
695,"RH","workflow",55.6840664672852,0.55438462896034,0,"ALE","RGBT"
696,"RH","workflow",55.8622702026367,0.554341671581609,0,"ALE","RGBT"
697,"RH","workflow",56.0369407653809,0.554273956645696,0,"ALE","RGBT"
698,"RH","workflow",56.2162015914917,0.554074950197595,0,"ALE","RGBT"
699,"RH","workflow",56.421551361084,0.554263037201328,0,"ALE","RGBT"
700,"RH","workflow",56.6394703674316,0.55233772351195,0,"ALE","RGBT"
701,"RH","workflow",56.8990630340576,0.55075185925631,0,"ALE","RGBT"
702,"RH","workflow",57.2390428543091,0.547183590414677,0,"ALE","RGBT"
703,"RH","workflow",57.6702792358398,0.537330835078065,0,"ALE","RGBT"
704,"RH","workflow",58.1819004058838,0.532299144220976,0,"ALE","RGBT"
705,"RH","workflow",58.9556087493897,0.514782392177457,0,"ALE","RGBT"
706,"RH","workflow",59.9590730285645,0.50903348173285,0,"ALE","RGBT"
707,"RH","workflow",67.9946746826172,0.50903348173285,0,"ALE","RGBT"
708,"TD","workflow",17.1612071990967,0.492555333224551,0,"ALE","RGBT"
709,"TD","workflow",18.1597093200684,0.492555333224551,0,"ALE","RGBT"
710,"TD","workflow",18.4265461730957,0.49306257714551,0,"ALE","RGBT"
711,"TD","workflow",18.6055395126343,0.492996945125581,0,"ALE","RGBT"
712,"TD","workflow",18.7576812744141,0.504668545712161,0,"ALE","RGBT"
713,"TD","workflow",18.9044772148132,0.517051756109137,0,"ALE","RGBT"
714,"TD","workflow",19.0167464065552,0.520942783971038,0,"ALE","RGBT"
715,"TD","workflow",19.1206571769714,0.523545395040198,0,"ALE","RGBT"
716,"TD","workflow",19.2188248443604,0.524775213633527,0,"ALE","RGBT"
717,"TD","workflow",19.3100456047058,0.527802598514392,0,"ALE","RGBT"
718,"TD","workflow",19.3959426879883,0.528687683189836,0,"ALE","RGBT"
719,"TD","workflow",19.4859823989868,0.527222122255067,0,"ALE","RGBT"
720,"TD","workflow",19.5656815338135,0.527565526473,0,"ALE","RGBT"
721,"TD","workflow",19.6541634750366,0.527438293074316,0,"ALE","RGBT"
722,"TD","workflow",19.7174381637573,0.526630996557606,0,"ALE","RGBT"
723,"TD","workflow",19.7825086593628,0.526909987404609,0,"ALE","RGBT"
724,"TD","workflow",19.8510068511963,0.528387563096572,0,"ALE","RGBT"
725,"TD","workflow",19.9076551055908,0.533099618089503,0,"ALE","RGBT"
726,"TD","workflow",19.9575923538208,0.535446007876988,0,"ALE","RGBT"
727,"TD","workflow",20.0111117172241,0.538027770549939,0,"ALE","RGBT"
728,"TD","workflow",20.0651264190674,0.542827919800886,0,"ALE","RGBT"
729,"TD","workflow",20.1276549530029,0.545234773382072,0,"ALE","RGBT"
730,"TD","workflow",20.1800522994995,0.545990547432905,0,"ALE","RGBT"
731,"TD","workflow",20.2278387069702,0.546782286951663,0,"ALE","RGBT"
732,"TD","workflow",20.2778366851807,0.548363764706517,0,"ALE","RGBT"
733,"TD","workflow",20.3095226287842,0.548550612305091,0,"ALE","RGBT"
734,"TD","workflow",20.3487638092041,0.548935107766479,0,"ALE","RGBT"
735,"TD","workflow",20.3915309333801,0.547655198358656,0,"ALE","RGBT"
736,"TD","workflow",20.4320682525635,0.54666415951296,0,"ALE","RGBT"
737,"TD","workflow",20.4694257736206,0.545834790567377,0,"ALE","RGBT"
738,"TD","workflow",20.5130083084106,0.545697307640025,0,"ALE","RGBT"
739,"TD","workflow",20.5567078018188,0.545951451312545,0,"ALE","RGBT"
740,"TD","workflow",20.5975496673584,0.545051757125633,0,"ALE","RGBT"
741,"TD","workflow",20.6472185325623,0.544152347714531,0,"ALE","RGBT"
742,"TD","workflow",20.6971882247925,0.543884802114433,0,"ALE","RGBT"
743,"TD","workflow",20.7438426971436,0.544197198353495,0,"ALE","RGBT"
744,"TD","workflow",20.7800964355469,0.544542024156546,0,"ALE","RGBT"
745,"TD","workflow",20.8225392723083,0.544527344734502,0,"ALE","RGBT"
746,"TD","workflow",20.8698249816895,0.54706610288188,0,"ALE","RGBT"
747,"TD","workflow",20.9119386672974,0.549071490412124,0,"ALE","RGBT"
748,"TD","workflow",20.9501354217529,0.549021464912067,0,"ALE","RGBT"
749,"TD","workflow",20.9964211654663,0.549528648078952,0,"ALE","RGBT"
750,"TD","workflow",21.0421587371826,0.553527608155275,0,"ALE","RGBT"
751,"TD","workflow",21.0917827415466,0.55373269487355,0,"ALE","RGBT"
752,"TD","workflow",21.1426473999023,0.553766396444024,0,"ALE","RGBT"
753,"TD","workflow",21.1871949195862,0.554506385430412,0,"ALE","RGBT"
754,"TD","workflow",21.2362956237793,0.55523275393286,0,"ALE","RGBT"
755,"TD","workflow",21.2866133880615,0.555188091515913,0,"ALE","RGBT"
756,"TD","workflow",21.3291153717041,0.554770603871875,0,"ALE","RGBT"
757,"TD","workflow",21.3715620994568,0.55566631577265,0,"ALE","RGBT"
758,"TD","workflow",21.4166860580444,0.555706170327936,0,"ALE","RGBT"
759,"TD","workflow",21.4623111343384,0.555590233667696,0,"ALE","RGBT"
760,"TD","workflow",21.5065621185303,0.55591622419161,0,"ALE","RGBT"
761,"TD","workflow",21.5505759239197,0.555799653692901,0,"ALE","RGBT"
762,"TD","workflow",21.5984239959717,0.555985296942369,0,"ALE","RGBT"
763,"TD","workflow",21.6445824623108,0.555708350655551,0,"ALE","RGBT"
764,"TD","workflow",21.6862027740479,0.555770938431505,0,"ALE","RGBT"
765,"TD","workflow",21.724975528717,0.555998271488574,0,"ALE","RGBT"
766,"TD","workflow",21.7695259857178,0.556061932961569,0,"ALE","RGBT"
767,"TD","workflow",21.8097523117065,0.55583614101461,0,"ALE","RGBT"
768,"TD","workflow",21.856339263916,0.555632010734693,0,"ALE","RGBT"
769,"TD","workflow",21.8928700447083,0.555471003171535,0,"ALE","RGBT"
770,"TD","workflow",21.9349461364746,0.555404965338177,0,"ALE","RGBT"
771,"TD","workflow",21.9862415122986,0.555697660096678,0,"ALE","RGBT"
772,"TD","workflow",22.0310270690918,0.556161335542163,0,"ALE","RGBT"
773,"TD","workflow",22.0821544647217,0.557228770221564,0,"ALE","RGBT"
774,"TD","workflow",22.1319946289062,0.556667523548894,0,"ALE","RGBT"
775,"TD","workflow",22.18362865448,0.556086765191787,0,"ALE","RGBT"
776,"TD","workflow",22.2328074645996,0.556309566191414,0,"ALE","RGBT"
777,"TD","workflow",22.2720763206482,0.555584727634364,0,"ALE","RGBT"
778,"TD","workflow",22.3208700180054,0.555562395039297,0,"ALE","RGBT"
779,"TD","workflow",22.3628028297424,0.555595753544619,0,"ALE","RGBT"
780,"TD","workflow",22.4075793457031,0.556282275714022,0,"ALE","RGBT"
781,"TD","workflow",22.4438223266602,0.556249263488372,0,"ALE","RGBT"
782,"TD","workflow",22.4935954284668,0.556213146740657,0,"ALE","RGBT"
783,"TD","workflow",22.538076877594,0.556038601566869,0,"ALE","RGBT"
784,"TD","workflow",22.58577003479,0.555716917536163,0,"ALE","RGBT"
785,"TD","workflow",22.6468145370483,0.555303670013496,0,"ALE","RGBT"
786,"TD","workflow",22.7062758636475,0.555033717684602,0,"ALE","RGBT"
787,"TD","workflow",22.7632689285278,0.554506716192476,0,"ALE","RGBT"
788,"TD","workflow",22.8222503662109,0.554480878508719,0,"ALE","RGBT"
789,"TD","workflow",22.8939169311523,0.554995443092866,0,"ALE","RGBT"
790,"TD","workflow",22.9629053878784,0.555222494683891,0,"ALE","RGBT"
791,"TD","workflow",23.015863609314,0.555142353619068,0,"ALE","RGBT"
792,"TD","workflow",23.0746572875977,0.555072945629566,0,"ALE","RGBT"
793,"TD","workflow",23.1481587409973,0.553166263890836,0,"ALE","RGBT"
794,"TD","workflow",23.2038186264038,0.551640902774227,0,"ALE","RGBT"
795,"TD","workflow",23.2867177963257,0.548715260279438,0,"ALE","RGBT"
796,"TD","workflow",23.3753944396973,0.546885344011118,0,"ALE","RGBT"
797,"TD","workflow",23.4581906318665,0.541150993028846,0,"ALE","RGBT"
798,"TD","workflow",23.5490123748779,0.517712931194175,0,"ALE","RGBT"
799,"TD","workflow",23.6551487541199,0.504749371669402,0,"ALE","RGBT"
800,"TD","workflow",23.7796415710449,0.500064303295533,0,"ALE","RGBT"
801,"TD","workflow",23.9107612609863,0.495483375951245,0,"ALE","RGBT"
802,"TD","workflow",24.0692623901367,0.496599668388917,0,"ALE","RGBT"
803,"TD","workflow",24.220043182373,0.49629374146113,0,"ALE","RGBT"
804,"TD","workflow",24.3676809692383,0.486600137321256,0,"ALE","RGBT"
805,"TD","workflow",24.5652444076538,0.485770491539334,0,"ALE","RGBT"
806,"TD","workflow",24.8746865844727,0.485771342903436,0,"ALE","RGBT"
807,"TD","workflow",25.2220314788818,0.486655150946977,0,"ALE","RGBT"
808,"TD","workflow",28.2092189788818,0.486655150946977,0,"ALE","RGBT"
809,"thetas","workflow",0.393067896366119,0.530112896328504,0,"ALE","RGBT"
810,"thetas","workflow",0.464395098686218,0.530112896328504,0,"ALE","RGBT"
811,"thetas","workflow",0.471372151970863,0.530112896328504,0,"ALE","RGBT"
812,"thetas","workflow",0.476400042772293,0.530851113003233,0,"ALE","RGBT"
813,"thetas","workflow",0.478640878200531,0.530878582850507,0,"ALE","RGBT"
814,"thetas","workflow",0.480819065868855,0.53145951722494,0,"ALE","RGBT"
815,"thetas","workflow",0.482928047180176,0.533557424897164,0,"ALE","RGBT"
816,"thetas","workflow",0.484543404877186,0.533809270229593,0,"ALE","RGBT"
817,"thetas","workflow",0.486342928409576,0.534018631878135,0,"ALE","RGBT"
818,"thetas","workflow",0.488017465472221,0.533962729473496,0,"ALE","RGBT"
819,"thetas","workflow",0.489362925291061,0.534156550366351,0,"ALE","RGBT"
820,"thetas","workflow",0.49073415607214,0.534584283148581,0,"ALE","RGBT"
821,"thetas","workflow",0.491936881542206,0.535396112075,0,"ALE","RGBT"
822,"thetas","workflow",0.49310144931078,0.53529444990491,0,"ALE","RGBT"
823,"thetas","workflow",0.494068042039871,0.534020031694563,0,"ALE","RGBT"
824,"thetas","workflow",0.494982446730137,0.533625810150605,0,"ALE","RGBT"
825,"thetas","workflow",0.496075937747955,0.533657493457033,0,"ALE","RGBT"
826,"thetas","workflow",0.49718473315239,0.533216783540473,0,"ALE","RGBT"
827,"thetas","workflow",0.49828323662281,0.529732521861693,0,"ALE","RGBT"
828,"thetas","workflow",0.499100624322891,0.529109899776485,0,"ALE","RGBT"
829,"thetas","workflow",0.500065124034882,0.526564693336822,0,"ALE","RGBT"
830,"thetas","workflow",0.501084948778152,0.525877084474363,0,"ALE","RGBT"
831,"thetas","workflow",0.502043564319611,0.523821679528718,0,"ALE","RGBT"
832,"thetas","workflow",0.502558093070984,0.524199133923668,0,"ALE","RGBT"
833,"thetas","workflow",0.503461520671844,0.524263622987145,0,"ALE","RGBT"
834,"thetas","workflow",0.504280775785446,0.524353677915656,0,"ALE","RGBT"
835,"thetas","workflow",0.505336213111877,0.523913755706444,0,"ALE","RGBT"
836,"thetas","workflow",0.506383110880852,0.524335456024152,0,"ALE","RGBT"
837,"thetas","workflow",0.507465991973877,0.524194012151875,0,"ALE","RGBT"
838,"thetas","workflow",0.508228104114532,0.525170010796771,0,"ALE","RGBT"
839,"thetas","workflow",0.509005862474442,0.525479888237336,0,"ALE","RGBT"
840,"thetas","workflow",0.509831294417381,0.525231531414793,0,"ALE","RGBT"
841,"thetas","workflow",0.510530543327331,0.525121439755141,0,"ALE","RGBT"
842,"thetas","workflow",0.511265920996666,0.525831262124431,0,"ALE","RGBT"
843,"thetas","workflow",0.511856182813644,0.525983664798326,0,"ALE","RGBT"
844,"thetas","workflow",0.512525472044945,0.527132225590993,0,"ALE","RGBT"
845,"thetas","workflow",0.513162786960602,0.527646762513864,0,"ALE","RGBT"
846,"thetas","workflow",0.513741085529327,0.531365239554094,0,"ALE","RGBT"
847,"thetas","workflow",0.514452991485596,0.534499798468254,0,"ALE","RGBT"
848,"thetas","workflow",0.515008125305176,0.538423125464753,0,"ALE","RGBT"
849,"thetas","workflow",0.515574109554291,0.539483283814135,0,"ALE","RGBT"
850,"thetas","workflow",0.516116309762001,0.539340828253184,0,"ALE","RGBT"
851,"thetas","workflow",0.516695722341537,0.540827451675389,0,"ALE","RGBT"
852,"thetas","workflow",0.517218412160873,0.541420498050536,0,"ALE","RGBT"
853,"thetas","workflow",0.517739503383637,0.542171240876312,0,"ALE","RGBT"
854,"thetas","workflow",0.518239104747772,0.542165123174113,0,"ALE","RGBT"
855,"thetas","workflow",0.518652844429016,0.542219477364135,0,"ALE","RGBT"
856,"thetas","workflow",0.519102519154549,0.543078505716735,0,"ALE","RGBT"
857,"thetas","workflow",0.519461936950684,0.543258546416038,0,"ALE","RGBT"
858,"thetas","workflow",0.519873896241188,0.543237181278185,0,"ALE","RGBT"
859,"thetas","workflow",0.520374178886414,0.543453178381131,0,"ALE","RGBT"
860,"thetas","workflow",0.52085529923439,0.543420381337839,0,"ALE","RGBT"
861,"thetas","workflow",0.521333487033844,0.543525147276448,0,"ALE","RGBT"
862,"thetas","workflow",0.521759390830994,0.543960237663871,0,"ALE","RGBT"
863,"thetas","workflow",0.522253239154816,0.543978449979946,0,"ALE","RGBT"
864,"thetas","workflow",0.522832840681076,0.544072978770409,0,"ALE","RGBT"
865,"thetas","workflow",0.523410675525665,0.544256967796934,0,"ALE","RGBT"
866,"thetas","workflow",0.523951849341393,0.54323859103987,0,"ALE","RGBT"
867,"thetas","workflow",0.524592671394348,0.542869336155426,0,"ALE","RGBT"
868,"thetas","workflow",0.525244131088257,0.542930281944863,0,"ALE","RGBT"
869,"thetas","workflow",0.525889790058136,0.543312345260962,0,"ALE","RGBT"
870,"thetas","workflow",0.526545784473419,0.544370386789002,0,"ALE","RGBT"
871,"thetas","workflow",0.527150670289993,0.54455007753071,0,"ALE","RGBT"
872,"thetas","workflow",0.527785362005234,0.544584157229971,0,"ALE","RGBT"
873,"thetas","workflow",0.528357064723968,0.544859655318069,0,"ALE","RGBT"
874,"thetas","workflow",0.529040822386742,0.545335283365176,0,"ALE","RGBT"
875,"thetas","workflow",0.529638460874557,0.545211709874512,0,"ALE","RGBT"
876,"thetas","workflow",0.530373032689095,0.545314360873846,0,"ALE","RGBT"
877,"thetas","workflow",0.531085178852081,0.547216241303804,0,"ALE","RGBT"
878,"thetas","workflow",0.531720567941666,0.547984029821613,0,"ALE","RGBT"
879,"thetas","workflow",0.532343465089798,0.547699169122267,0,"ALE","RGBT"
880,"thetas","workflow",0.532994085550308,0.547915101903857,0,"ALE","RGBT"
881,"thetas","workflow",0.533873782157898,0.548497415742701,0,"ALE","RGBT"
882,"thetas","workflow",0.534579967856407,0.549253547502892,0,"ALE","RGBT"
883,"thetas","workflow",0.535388894081116,0.549395680528166,0,"ALE","RGBT"
884,"thetas","workflow",0.536291867494583,0.549686447114742,0,"ALE","RGBT"
885,"thetas","workflow",0.537086789608002,0.550177002565813,0,"ALE","RGBT"
886,"thetas","workflow",0.537879178524017,0.550086225018354,0,"ALE","RGBT"
887,"thetas","workflow",0.538852044343948,0.550158302435723,0,"ALE","RGBT"
888,"thetas","workflow",0.539818264842033,0.550582079262479,0,"ALE","RGBT"
889,"thetas","workflow",0.540655100345612,0.550407487987166,0,"ALE","RGBT"
890,"thetas","workflow",0.541510138511658,0.549904498776413,0,"ALE","RGBT"
891,"thetas","workflow",0.542548160552978,0.549475209587759,0,"ALE","RGBT"
892,"thetas","workflow",0.543500842452049,0.54984817236359,0,"ALE","RGBT"
893,"thetas","workflow",0.544679663181305,0.550012678969164,0,"ALE","RGBT"
894,"thetas","workflow",0.545821803808212,0.55110102568572,0,"ALE","RGBT"
895,"thetas","workflow",0.546929502487183,0.551782860384394,0,"ALE","RGBT"
896,"thetas","workflow",0.548410366177559,0.552171949617677,0,"ALE","RGBT"
897,"thetas","workflow",0.54969322681427,0.551472408150956,0,"ALE","RGBT"
898,"thetas","workflow",0.551109853982925,0.551302314908463,0,"ALE","RGBT"
899,"thetas","workflow",0.55294326543808,0.550809241597356,0,"ALE","RGBT"
900,"thetas","workflow",0.554414529800415,0.550507221277512,0,"ALE","RGBT"
901,"thetas","workflow",0.55579892873764,0.549580430154086,0,"ALE","RGBT"
902,"thetas","workflow",0.557683835029602,0.546620608262637,0,"ALE","RGBT"
903,"thetas","workflow",0.560037161111832,0.54458381236569,0,"ALE","RGBT"
904,"thetas","workflow",0.562900641560555,0.543687446894922,0,"ALE","RGBT"
905,"thetas","workflow",0.565468802452087,0.542135514263462,0,"ALE","RGBT"
906,"thetas","workflow",0.568021140694618,0.542161606990377,0,"ALE","RGBT"
907,"thetas","workflow",0.572109525203705,0.539167730378578,0,"ALE","RGBT"
908,"thetas","workflow",0.579998794794083,0.539167730378578,0,"ALE","RGBT"
909,"thetas","workflow",0.634861648082733,0.539167730378578,0,"ALE","RGBT"
910,"TPI3","workflow",-5.43369436264038,0.645888811154182,0,"ALE","RGBT"
911,"TPI3","workflow",-1.91658446073532,0.645888811154182,0,"ALE","RGBT"
912,"TPI3","workflow",-1.61589391231537,0.6528268081691,0,"ALE","RGBT"
913,"TPI3","workflow",-1.44672192454338,0.654093889381154,0,"ALE","RGBT"
914,"TPI3","workflow",-1.29872978687286,0.649545774447058,0,"ALE","RGBT"
915,"TPI3","workflow",-1.18044658899307,0.623692195257269,0,"ALE","RGBT"
916,"TPI3","workflow",-1.08600077152252,0.618604240258738,0,"ALE","RGBT"
917,"TPI3","workflow",-1.00956451416016,0.615886283872029,0,"ALE","RGBT"
918,"TPI3","workflow",-0.94468939781189,0.613838320275823,0,"ALE","RGBT"
919,"TPI3","workflow",-0.890528898239136,0.609835606652246,0,"ALE","RGBT"
920,"TPI3","workflow",-0.834142971038818,0.604844030154261,0,"ALE","RGBT"
921,"TPI3","workflow",-0.781908268928528,0.603000612945393,0,"ALE","RGBT"
922,"TPI3","workflow",-0.742593579292297,0.601377954576666,0,"ALE","RGBT"
923,"TPI3","workflow",-0.698036684393883,0.596928960143048,0,"ALE","RGBT"
924,"TPI3","workflow",-0.658728866577148,0.592876677552293,0,"ALE","RGBT"
925,"TPI3","workflow",-0.62536304295063,0.591447325530415,0,"ALE","RGBT"
926,"TPI3","workflow",-0.593869454860687,0.589926570723676,0,"ALE","RGBT"
927,"TPI3","workflow",-0.565843284726143,0.588793899456759,0,"ALE","RGBT"
928,"TPI3","workflow",-0.539521930217743,0.58791936748222,0,"ALE","RGBT"
929,"TPI3","workflow",-0.512784522771835,0.586912349637353,0,"ALE","RGBT"
930,"TPI3","workflow",-0.48725693821907,0.5814247604204,0,"ALE","RGBT"
931,"TPI3","workflow",-0.464983150959015,0.581539227628867,0,"ALE","RGBT"
932,"TPI3","workflow",-0.443606460094452,0.581939060109768,0,"ALE","RGBT"
933,"TPI3","workflow",-0.419760066270828,0.581436281014293,0,"ALE","RGBT"
934,"TPI3","workflow",-0.396233017444611,0.579260419483141,0,"ALE","RGBT"
935,"TPI3","workflow",-0.375978618860245,0.575587566986499,0,"ALE","RGBT"
936,"TPI3","workflow",-0.359759996533394,0.572354120936371,0,"ALE","RGBT"
937,"TPI3","workflow",-0.342401838302612,0.570877543216578,0,"ALE","RGBT"
938,"TPI3","workflow",-0.322645610570908,0.568894857806322,0,"ALE","RGBT"
939,"TPI3","workflow",-0.303194184005261,0.562018728361224,0,"ALE","RGBT"
940,"TPI3","workflow",-0.281960880756378,0.561161212190065,0,"ALE","RGBT"
941,"TPI3","workflow",-0.265255124866962,0.55883604605011,0,"ALE","RGBT"
942,"TPI3","workflow",-0.251814068555832,0.557362136944386,0,"ALE","RGBT"
943,"TPI3","workflow",-0.238374421745539,0.555963516959925,0,"ALE","RGBT"
944,"TPI3","workflow",-0.224403917491436,0.552289560253243,0,"ALE","RGBT"
945,"TPI3","workflow",-0.212034795433283,0.550686458639724,0,"ALE","RGBT"
946,"TPI3","workflow",-0.197828943133354,0.547071927763961,0,"ALE","RGBT"
947,"TPI3","workflow",-0.183555838167667,0.546617141251307,0,"ALE","RGBT"
948,"TPI3","workflow",-0.17079906642437,0.545643839745324,0,"ALE","RGBT"
949,"TPI3","workflow",-0.159341277629137,0.544389583699345,0,"ALE","RGBT"
950,"TPI3","workflow",-0.146815350651741,0.540684839434127,0,"ALE","RGBT"
951,"TPI3","workflow",-0.133593350797892,0.537790123904256,0,"ALE","RGBT"
952,"TPI3","workflow",-0.121610312461853,0.53337000083146,0,"ALE","RGBT"
953,"TPI3","workflow",-0.11003217048943,0.531276867480076,0,"ALE","RGBT"
954,"TPI3","workflow",-0.0977603790163993,0.530672170336772,0,"ALE","RGBT"
955,"TPI3","workflow",-0.0862362492829561,0.530129117354467,0,"ALE","RGBT"
956,"TPI3","workflow",-0.0778866848349571,0.52973355686366,0,"ALE","RGBT"
957,"TPI3","workflow",-0.0686601933091879,0.528695469154896,0,"ALE","RGBT"
958,"TPI3","workflow",-0.059715550839901,0.527206489762026,0,"ALE","RGBT"
959,"TPI3","workflow",-0.0492229867726564,0.522297635807923,0,"ALE","RGBT"
960,"TPI3","workflow",-0.0388218760490417,0.516378551262545,0,"ALE","RGBT"
961,"TPI3","workflow",-0.0285610719770193,0.515472418199716,0,"ALE","RGBT"
962,"TPI3","workflow",-0.0203429939597845,0.514513442754756,0,"ALE","RGBT"
963,"TPI3","workflow",-0.0119939179904759,0.513704237535066,0,"ALE","RGBT"
964,"TPI3","workflow",-0.00375333354342729,0.513346029633242,0,"ALE","RGBT"
965,"TPI3","workflow",0.00388702827040109,0.51235914009317,0,"ALE","RGBT"
966,"TPI3","workflow",0.0135838206484914,0.509787078891155,0,"ALE","RGBT"
967,"TPI3","workflow",0.0238374663889409,0.509233905652193,0,"ALE","RGBT"
968,"TPI3","workflow",0.0341791290044784,0.507724399034755,0,"ALE","RGBT"
969,"TPI3","workflow",0.0435154999047518,0.507807005280799,0,"ALE","RGBT"
970,"TPI3","workflow",0.0529094398021697,0.507756660102482,0,"ALE","RGBT"
971,"TPI3","workflow",0.0654131757467985,0.507671193979023,0,"ALE","RGBT"
972,"TPI3","workflow",0.0780635924637318,0.507827759283247,0,"ALE","RGBT"
973,"TPI3","workflow",0.0897586502879858,0.507414231854702,0,"ALE","RGBT"
974,"TPI3","workflow",0.105759460628033,0.507974738003481,0,"ALE","RGBT"
975,"TPI3","workflow",0.120074500143528,0.508373898003779,0,"ALE","RGBT"
976,"TPI3","workflow",0.133438796401024,0.508799357494258,0,"ALE","RGBT"
977,"TPI3","workflow",0.149208298176527,0.50823515674337,0,"ALE","RGBT"
978,"TPI3","workflow",0.165298010706902,0.507586242288,0,"ALE","RGBT"
979,"TPI3","workflow",0.180243723541498,0.507091613993876,0,"ALE","RGBT"
980,"TPI3","workflow",0.196582618355751,0.50655464122197,0,"ALE","RGBT"
981,"TPI3","workflow",0.212279142290354,0.506306884955873,0,"ALE","RGBT"
982,"TPI3","workflow",0.228578853607178,0.505220301484714,0,"ALE","RGBT"
983,"TPI3","workflow",0.246287080347538,0.503456100875653,0,"ALE","RGBT"
984,"TPI3","workflow",0.26648091673851,0.502713552261516,0,"ALE","RGBT"
985,"TPI3","workflow",0.285813085734844,0.500946845790121,0,"ALE","RGBT"
986,"TPI3","workflow",0.310533282756805,0.498764488176504,0,"ALE","RGBT"
987,"TPI3","workflow",0.32911674797535,0.4990405027605,0,"ALE","RGBT"
988,"TPI3","workflow",0.351793715357781,0.498259435741196,0,"ALE","RGBT"
989,"TPI3","workflow",0.376526732444763,0.498625039869774,0,"ALE","RGBT"
990,"TPI3","workflow",0.401947551965714,0.498005608103804,0,"ALE","RGBT"
991,"TPI3","workflow",0.430043810904027,0.49763231195508,0,"ALE","RGBT"
992,"TPI3","workflow",0.459688159823418,0.498149843443171,0,"ALE","RGBT"
993,"TPI3","workflow",0.485947405993938,0.498188953023398,0,"ALE","RGBT"
994,"TPI3","workflow",0.522578361034393,0.498592803201933,0,"ALE","RGBT"
995,"TPI3","workflow",0.553713622689247,0.49864650097964,0,"ALE","RGBT"
996,"TPI3","workflow",0.589236054420471,0.498470639994639,0,"ALE","RGBT"
997,"TPI3","workflow",0.635970839858054,0.498604519256076,0,"ALE","RGBT"
998,"TPI3","workflow",0.677858760356904,0.49882239860449,0,"ALE","RGBT"
999,"TPI3","workflow",0.724187902212143,0.49812890511813,0,"ALE","RGBT"
1000,"TPI3","workflow",0.771403211355209,0.497704693889558,0,"ALE","RGBT"
1001,"TPI3","workflow",0.839877769351006,0.497102342950019,0,"ALE","RGBT"
1002,"TPI3","workflow",0.909221711158752,0.496882288735688,0,"ALE","RGBT"
1003,"TPI3","workflow",0.97343213558197,0.494130641023785,0,"ALE","RGBT"
1004,"TPI3","workflow",1.04490432500839,0.494045377148436,0,"ALE","RGBT"
1005,"TPI3","workflow",1.13801998496056,0.494006420153026,0,"ALE","RGBT"
1006,"TPI3","workflow",1.24773401737213,0.494086653847171,0,"ALE","RGBT"
1007,"TPI3","workflow",1.41111633777618,0.490393258021881,0,"ALE","RGBT"
1008,"TPI3","workflow",1.61537159442902,0.487539917474477,0,"ALE","RGBT"
1009,"TPI3","workflow",2.0163326215744,0.484912432414446,0,"ALE","RGBT"
1010,"TPI3","workflow",4.72865867614746,0.484912432414446,0,"ALE","RGBT"
1,"ADI","workflow",0.00969039089977741,0.427112824258991,0,"ALE","RF"
2,"ADI","workflow",0.0183771007880568,0.425947861527415,0,"ALE","RF"
3,"ADI","workflow",0.0205370556935668,0.426647853668818,0,"ALE","RF"
4,"ADI","workflow",0.022386764921248,0.441248489594985,0,"ALE","RF"
5,"ADI","workflow",0.0239912699908018,0.459473667423297,0,"ALE","RF"
6,"ADI","workflow",0.02539864750579,0.470514109185901,0,"ALE","RF"
7,"ADI","workflow",0.0262681576982141,0.476307274918309,0,"ALE","RF"
8,"ADI","workflow",0.0272374148480594,0.490769216805578,0,"ALE","RF"
9,"ADI","workflow",0.0283303616940975,0.500704262331318,0,"ALE","RF"
10,"ADI","workflow",0.0292411207966506,0.515922277690657,0,"ALE","RF"
11,"ADI","workflow",0.030353862605989,0.526079011793878,0,"ALE","RF"
12,"ADI","workflow",0.0314153183251619,0.536748184604853,0,"ALE","RF"
13,"ADI","workflow",0.0322051365673542,0.542408448183143,0,"ALE","RF"
14,"ADI","workflow",0.0329477099701762,0.545792929061063,0,"ALE","RF"
15,"ADI","workflow",0.0338977329432964,0.550013744769644,0,"ALE","RF"
16,"ADI","workflow",0.0347594160586596,0.5538374383731,0,"ALE","RF"
17,"ADI","workflow",0.0356106719374657,0.557729313964657,0,"ALE","RF"
18,"ADI","workflow",0.0363714057952166,0.560677564952399,0,"ALE","RF"
19,"ADI","workflow",0.0371970846503973,0.563710816282069,0,"ALE","RF"
20,"ADI","workflow",0.0379790010303259,0.565951368724403,0,"ALE","RF"
21,"ADI","workflow",0.0386902086436749,0.567523977184293,0,"ALE","RF"
22,"ADI","workflow",0.0393472410365939,0.568842335606966,0,"ALE","RF"
23,"ADI","workflow",0.04007896438241,0.572106897049567,0,"ALE","RF"
24,"ADI","workflow",0.0408856480941176,0.573113471000719,0,"ALE","RF"
25,"ADI","workflow",0.0415062360465527,0.57531057004643,0,"ALE","RF"
26,"ADI","workflow",0.0422016698867083,0.57649880604276,0,"ALE","RF"
27,"ADI","workflow",0.0429659657180309,0.577730969547609,0,"ALE","RF"
28,"ADI","workflow",0.0436067756637931,0.578347817073281,0,"ALE","RF"
29,"ADI","workflow",0.0443707580864429,0.578228541662176,0,"ALE","RF"
30,"ADI","workflow",0.0449994681403041,0.578010147298705,0,"ALE","RF"
31,"ADI","workflow",0.0456202123314142,0.577623138031432,0,"ALE","RF"
32,"ADI","workflow",0.046318980269134,0.577082697794799,0,"ALE","RF"
33,"ADI","workflow",0.0469816148281097,0.576738117503357,0,"ALE","RF"
34,"ADI","workflow",0.047732318751514,0.575939250720169,0,"ALE","RF"
35,"ADI","workflow",0.0484194055944681,0.57564853945543,0,"ALE","RF"
36,"ADI","workflow",0.0491799302399158,0.575397390400079,0,"ALE","RF"
37,"ADI","workflow",0.0500297150015831,0.573122402895468,0,"ALE","RF"
38,"ADI","workflow",0.05074119836092,0.572661384661808,0,"ALE","RF"
39,"ADI","workflow",0.0514011982083321,0.571808755328836,0,"ALE","RF"
40,"ADI","workflow",0.0521930233761668,0.5707765363366,0,"ALE","RF"
41,"ADI","workflow",0.0528251349925995,0.569709810839165,0,"ALE","RF"
42,"ADI","workflow",0.0535098619759083,0.568571030949694,0,"ALE","RF"
43,"ADI","workflow",0.054130263403058,0.567607359127401,0,"ALE","RF"
44,"ADI","workflow",0.0547615427151322,0.567008286484965,0,"ALE","RF"
45,"ADI","workflow",0.0553405018150806,0.565513066328123,0,"ALE","RF"
46,"ADI","workflow",0.0560396043583751,0.563854588568326,0,"ALE","RF"
47,"ADI","workflow",0.0567577923834324,0.56136835469466,0,"ALE","RF"
48,"ADI","workflow",0.05757956802845,0.560582371123899,0,"ALE","RF"
49,"ADI","workflow",0.0583162644505501,0.560114681707011,0,"ALE","RF"
50,"ADI","workflow",0.0589698174595833,0.559473143772737,0,"ALE","RF"
51,"ADI","workflow",0.0596048198640347,0.558927761349321,0,"ALE","RF"
52,"ADI","workflow",0.0602253698185086,0.55682479236814,0,"ALE","RF"
53,"ADI","workflow",0.060954627096653,0.5565723340109,0,"ALE","RF"
54,"ADI","workflow",0.0616347666457295,0.553030675760397,0,"ALE","RF"
55,"ADI","workflow",0.0621507753431797,0.550671276599665,0,"ALE","RF"
56,"ADI","workflow",0.0628547411412001,0.547385051455218,0,"ALE","RF"
57,"ADI","workflow",0.063528693318367,0.544824130883327,0,"ALE","RF"
58,"ADI","workflow",0.0642569706588983,0.542315756610725,0,"ALE","RF"
59,"ADI","workflow",0.0650855654478073,0.539063407225164,0,"ALE","RF"
60,"ADI","workflow",0.0658782079070807,0.535016482383023,0,"ALE","RF"
61,"ADI","workflow",0.0666819587349892,0.531878453397857,0,"ALE","RF"
62,"ADI","workflow",0.0674295794218779,0.529745619139285,0,"ALE","RF"
63,"ADI","workflow",0.0681923447549343,0.528351416247998,0,"ALE","RF"
64,"ADI","workflow",0.0689014473557472,0.524595503976362,0,"ALE","RF"
65,"ADI","workflow",0.0697022804617882,0.522835123037203,0,"ALE","RF"
66,"ADI","workflow",0.0705546077340841,0.519020107539018,0,"ALE","RF"
67,"ADI","workflow",0.0713651461899281,0.511922727303379,0,"ALE","RF"
68,"ADI","workflow",0.0723033694922924,0.504010305880577,0,"ALE","RF"
69,"ADI","workflow",0.0732017496228218,0.501566165226496,0,"ALE","RF"
70,"ADI","workflow",0.0740051883459091,0.498247665550481,0,"ALE","RF"
71,"ADI","workflow",0.0749609343707562,0.494538195039561,0,"ALE","RF"
72,"ADI","workflow",0.075678938254714,0.490124121199851,0,"ALE","RF"
73,"ADI","workflow",0.0767002490162849,0.489804338248302,0,"ALE","RF"
74,"ADI","workflow",0.0777170298993587,0.486854141459901,0,"ALE","RF"
75,"ADI","workflow",0.0786600898206234,0.477008091004399,0,"ALE","RF"
76,"ADI","workflow",0.0796907916665077,0.467352955282339,0,"ALE","RF"
77,"ADI","workflow",0.0807214131951332,0.46378644477723,0,"ALE","RF"
78,"ADI","workflow",0.0816954082995653,0.457332074101721,0,"ALE","RF"
79,"ADI","workflow",0.0828165698051453,0.447116451340974,0,"ALE","RF"
80,"ADI","workflow",0.0838607636094093,0.43721621461095,0,"ALE","RF"
81,"ADI","workflow",0.0850482374429703,0.434546002027737,0,"ALE","RF"
82,"ADI","workflow",0.0863449271023273,0.422683729894118,0,"ALE","RF"
83,"ADI","workflow",0.0874088442325592,0.41824511734119,0,"ALE","RF"
84,"ADI","workflow",0.0887411597371102,0.413601254172665,0,"ALE","RF"
85,"ADI","workflow",0.0900161826610565,0.409525209597558,0,"ALE","RF"
86,"ADI","workflow",0.0911535490304232,0.403174859992698,0,"ALE","RF"
87,"ADI","workflow",0.0926308637857437,0.394906687129573,0,"ALE","RF"
88,"ADI","workflow",0.0940035497397184,0.390283908752327,0,"ALE","RF"
89,"ADI","workflow",0.0957906427979469,0.385060100262426,0,"ALE","RF"
90,"ADI","workflow",0.0975028724968433,0.380743343613968,0,"ALE","RF"
91,"ADI","workflow",0.0995522871613503,0.375990673199142,0,"ALE","RF"
92,"ADI","workflow",0.101843785271049,0.371055660755826,0,"ALE","RF"
93,"ADI","workflow",0.103779453635216,0.36702261840755,0,"ALE","RF"
94,"ADI","workflow",0.105784412249923,0.366271353494585,0,"ALE","RF"
95,"ADI","workflow",0.108223508298397,0.364340319000344,0,"ALE","RF"
96,"ADI","workflow",0.111334616690874,0.363681164470981,0,"ALE","RF"
97,"ADI","workflow",0.114925660192966,0.364436496334193,0,"ALE","RF"
98,"ADI","workflow",0.119033448398113,0.366786508268875,0,"ALE","RF"
99,"ADI","workflow",0.125083916187286,0.367629607016552,0,"ALE","RF"
100,"ADI","workflow",0.134717088490725,0.370065807764061,0,"ALE","RF"
101,"ADI","workflow",0.194418743252754,0.479756464004452,0,"ALE","RF"
102,"clay","workflow",4.78574705123901,0.482180459696197,0,"ALE","RF"
103,"clay","workflow",8.8725687122345,0.492913236061134,0,"ALE","RF"
104,"clay","workflow",9.50403095245361,0.495532047957383,0,"ALE","RF"
105,"clay","workflow",9.95711754798889,0.496655136389378,0,"ALE","RF"
106,"clay","workflow",10.2918291091919,0.497981761761038,0,"ALE","RF"
107,"clay","workflow",10.592195224762,0.496171278448047,0,"ALE","RF"
108,"clay","workflow",10.8521835327148,0.496521685173255,0,"ALE","RF"
109,"clay","workflow",11.1389297103882,0.496794770938845,0,"ALE","RF"
110,"clay","workflow",11.3991525268555,0.497921866401017,0,"ALE","RF"
111,"clay","workflow",11.6502867412567,0.499097247290244,0,"ALE","RF"
112,"clay","workflow",11.8556845664978,0.49921315820879,0,"ALE","RF"
113,"clay","workflow",12.0918058586121,0.4997262000693,0,"ALE","RF"
114,"clay","workflow",12.2729047393799,0.501676740929604,0,"ALE","RF"
115,"clay","workflow",12.4455301475525,0.502648029281272,0,"ALE","RF"
116,"clay","workflow",12.6255758666992,0.502085023655322,0,"ALE","RF"
117,"clay","workflow",12.7951908588409,0.502104268687608,0,"ALE","RF"
118,"clay","workflow",12.9678665924072,0.50161241065665,0,"ALE","RF"
119,"clay","workflow",13.1167421627045,0.501954336038233,0,"ALE","RF"
120,"clay","workflow",13.3130128860474,0.501278742440003,0,"ALE","RF"
121,"clay","workflow",13.5160030174255,0.501142007324777,0,"ALE","RF"
122,"clay","workflow",13.6947483062744,0.502482570224724,0,"ALE","RF"
123,"clay","workflow",13.8673497486114,0.502603915638107,0,"ALE","RF"
124,"clay","workflow",14.0118550109863,0.502281143168089,0,"ALE","RF"
125,"clay","workflow",14.1950583171844,0.502076922620038,0,"ALE","RF"
126,"clay","workflow",14.3521335220337,0.501826316707394,0,"ALE","RF"
127,"clay","workflow",14.5102746486664,0.501073790294045,0,"ALE","RF"
128,"clay","workflow",14.6611651802063,0.501368961671334,0,"ALE","RF"
129,"clay","workflow",14.8032030105591,0.500821458964405,0,"ALE","RF"
130,"clay","workflow",14.9294102096558,0.500974398482157,0,"ALE","RF"
131,"clay","workflow",15.0853464508057,0.50155189783314,0,"ALE","RF"
132,"clay","workflow",15.2231711387634,0.503147390656779,0,"ALE","RF"
133,"clay","workflow",15.3490769481659,0.507212938139531,0,"ALE","RF"
134,"clay","workflow",15.4838998413086,0.507686697442355,0,"ALE","RF"
135,"clay","workflow",15.600686416626,0.507949247926266,0,"ALE","RF"
136,"clay","workflow",15.7097824287415,0.507445573402398,0,"ALE","RF"
137,"clay","workflow",15.8074946880341,0.50761988504007,0,"ALE","RF"
138,"clay","workflow",15.9206245040894,0.507518969021598,0,"ALE","RF"
139,"clay","workflow",16.0172470474243,0.506969426399553,0,"ALE","RF"
140,"clay","workflow",16.1237544250488,0.506131992664303,0,"ALE","RF"
141,"clay","workflow",16.2400039100647,0.505555788476076,0,"ALE","RF"
142,"clay","workflow",16.3446918487549,0.504471541305613,0,"ALE","RF"
143,"clay","workflow",16.4431768608093,0.504591406328045,0,"ALE","RF"
144,"clay","workflow",16.5481090927124,0.506726392802064,0,"ALE","RF"
145,"clay","workflow",16.6270384597778,0.507547621691682,0,"ALE","RF"
146,"clay","workflow",16.72077003479,0.508558381283157,0,"ALE","RF"
147,"clay","workflow",16.8128336906433,0.50973751715293,0,"ALE","RF"
148,"clay","workflow",16.9087184143066,0.509500643980717,0,"ALE","RF"
149,"clay","workflow",16.9933626556397,0.5092724453617,0,"ALE","RF"
150,"clay","workflow",17.0827439117432,0.509011917810072,0,"ALE","RF"
151,"clay","workflow",17.1844807815552,0.508946626868668,0,"ALE","RF"
152,"clay","workflow",17.2862911224365,0.508853888871617,0,"ALE","RF"
153,"clay","workflow",17.3717978858948,0.509184535352552,0,"ALE","RF"
154,"clay","workflow",17.4548503112793,0.5095753611484,0,"ALE","RF"
155,"clay","workflow",17.5367932319641,0.510156334278258,0,"ALE","RF"
156,"clay","workflow",17.6209579849243,0.510058804663867,0,"ALE","RF"
157,"clay","workflow",17.7143934249878,0.510523571400849,0,"ALE","RF"
158,"clay","workflow",17.7946842193604,0.510665806795577,0,"ALE","RF"
159,"clay","workflow",17.8797360610962,0.510983411501018,0,"ALE","RF"
160,"clay","workflow",17.954898109436,0.510888534093961,0,"ALE","RF"
161,"clay","workflow",18.0326096916199,0.510973619303089,0,"ALE","RF"
162,"clay","workflow",18.1006061553955,0.510877653156248,0,"ALE","RF"
163,"clay","workflow",18.1834199905395,0.511158843829318,0,"ALE","RF"
164,"clay","workflow",18.2627898406982,0.510929451299988,0,"ALE","RF"
165,"clay","workflow",18.3522092437744,0.511069682420197,0,"ALE","RF"
166,"clay","workflow",18.4360974121094,0.511041705816344,0,"ALE","RF"
167,"clay","workflow",18.5222367286682,0.51007470141023,0,"ALE","RF"
168,"clay","workflow",18.5863591384888,0.509786334866451,0,"ALE","RF"
169,"clay","workflow",18.6542185020447,0.509787032523901,0,"ALE","RF"
170,"clay","workflow",18.7368740081787,0.50954964743806,0,"ALE","RF"
171,"clay","workflow",18.8172067832947,0.509258986015626,0,"ALE","RF"
172,"clay","workflow",18.9035930633545,0.508774194812714,0,"ALE","RF"
173,"clay","workflow",18.9825932693481,0.508720166468818,0,"ALE","RF"
174,"clay","workflow",19.077174987793,0.507788452719577,0,"ALE","RF"
175,"clay","workflow",19.1693369293213,0.507275800203566,0,"ALE","RF"
176,"clay","workflow",19.2714611434937,0.506627766786504,0,"ALE","RF"
177,"clay","workflow",19.367582321167,0.505950634559836,0,"ALE","RF"
178,"clay","workflow",19.4851114654541,0.50558339820115,0,"ALE","RF"
179,"clay","workflow",19.5753763389587,0.505225338024223,0,"ALE","RF"
180,"clay","workflow",19.6857120513916,0.505567942773586,0,"ALE","RF"
181,"clay","workflow",19.810229473114,0.504458004812729,0,"ALE","RF"
182,"clay","workflow",19.9455940246582,0.504229287750552,0,"ALE","RF"
183,"clay","workflow",20.0759379577637,0.503781465996525,0,"ALE","RF"
184,"clay","workflow",20.2483055877686,0.503795759090341,0,"ALE","RF"
185,"clay","workflow",20.4167504501343,0.503078121492081,0,"ALE","RF"
186,"clay","workflow",20.582693862915,0.502684083032116,0,"ALE","RF"
187,"clay","workflow",20.8029266357422,0.501912946287088,0,"ALE","RF"
188,"clay","workflow",21.0294248580933,0.501165016957176,0,"ALE","RF"
189,"clay","workflow",21.2984251213074,0.501011978434203,0,"ALE","RF"
190,"clay","workflow",21.5170510864258,0.500989682798484,0,"ALE","RF"
191,"clay","workflow",21.8188255882263,0.500830807540705,0,"ALE","RF"
192,"clay","workflow",22.1146818161011,0.501100031923261,0,"ALE","RF"
193,"clay","workflow",22.4733054542541,0.501984898585622,0,"ALE","RF"
194,"clay","workflow",22.7453710174561,0.501344755078801,0,"ALE","RF"
195,"clay","workflow",22.964573173523,0.501466037964183,0,"ALE","RF"
196,"clay","workflow",23.3768060684204,0.501353799096678,0,"ALE","RF"
197,"clay","workflow",23.9327152252197,0.501259394142675,0,"ALE","RF"
198,"clay","workflow",24.51465965271,0.500200270608781,0,"ALE","RF"
199,"clay","workflow",25.3090152168274,0.496885029196199,0,"ALE","RF"
200,"clay","workflow",26.2582009506226,0.487422640660853,0,"ALE","RF"
201,"clay","workflow",29.1779920768738,0.471517788994009,0,"ALE","RF"
202,"clay","workflow",50.8131561279297,0.464398177917838,0,"ALE","RF"
203,"GSPDD5","workflow",71.5827255249023,0.414803564925398,0,"ALE","RF"
204,"GSPDD5","workflow",166.059286193848,0.413367816833421,0,"ALE","RF"
205,"GSPDD5","workflow",185.154791870117,0.412718027347053,0,"ALE","RF"
206,"GSPDD5","workflow",197.284925079346,0.414955283391575,0,"ALE","RF"
207,"GSPDD5","workflow",210.404430541992,0.420926649324166,0,"ALE","RF"
208,"GSPDD5","workflow",220.827765655518,0.426929490563204,0,"ALE","RF"
209,"GSPDD5","workflow",229.83603515625,0.433825177864025,0,"ALE","RF"
210,"GSPDD5","workflow",237.314934082031,0.436828774404856,0,"ALE","RF"
211,"GSPDD5","workflow",242.020034179688,0.436638179132142,0,"ALE","RF"
212,"GSPDD5","workflow",245.809624786377,0.437856834781323,0,"ALE","RF"
213,"GSPDD5","workflow",250.185479736328,0.438711514252385,0,"ALE","RF"
214,"GSPDD5","workflow",254.79227722168,0.439519883841368,0,"ALE","RF"
215,"GSPDD5","workflow",258.256970214844,0.440164207836507,0,"ALE","RF"
216,"GSPDD5","workflow",262.455622253418,0.441358585715547,0,"ALE","RF"
217,"GSPDD5","workflow",265.768195800781,0.444932530481634,0,"ALE","RF"
218,"GSPDD5","workflow",269.334194946289,0.458154882170079,0,"ALE","RF"
219,"GSPDD5","workflow",272.395909423828,0.464434200872766,0,"ALE","RF"
220,"GSPDD5","workflow",276.043948669434,0.465973727844053,0,"ALE","RF"
221,"GSPDD5","workflow",279.208982543945,0.468039632757681,0,"ALE","RF"
222,"GSPDD5","workflow",282.461248779297,0.472205127925618,0,"ALE","RF"
223,"GSPDD5","workflow",285.399554443359,0.476419873384344,0,"ALE","RF"
224,"GSPDD5","workflow",288.39249206543,0.488982771927953,0,"ALE","RF"
225,"GSPDD5","workflow",291.576193237305,0.490333167703383,0,"ALE","RF"
226,"GSPDD5","workflow",294.361940612793,0.489995622242554,0,"ALE","RF"
227,"GSPDD5","workflow",297.200133056641,0.493351703367421,0,"ALE","RF"
228,"GSPDD5","workflow",300.392593383789,0.49574179878581,0,"ALE","RF"
229,"GSPDD5","workflow",303.300503540039,0.498233982749893,0,"ALE","RF"
230,"GSPDD5","workflow",306.91050201416,0.497645311484677,0,"ALE","RF"
231,"GSPDD5","workflow",310.638109130859,0.49734091372116,0,"ALE","RF"
232,"GSPDD5","workflow",313.620368652344,0.497527960389317,0,"ALE","RF"
233,"GSPDD5","workflow",316.625946044922,0.496986623885113,0,"ALE","RF"
234,"GSPDD5","workflow",320.015084228516,0.498202078377719,0,"ALE","RF"
235,"GSPDD5","workflow",324.105432128906,0.497636948854551,0,"ALE","RF"
236,"GSPDD5","workflow",327.108403015137,0.497644954138949,0,"ALE","RF"
237,"GSPDD5","workflow",330.369183959961,0.499938281504313,0,"ALE","RF"
238,"GSPDD5","workflow",333.893583679199,0.499372210630669,0,"ALE","RF"
239,"GSPDD5","workflow",336.891717529297,0.500666038603508,0,"ALE","RF"
240,"GSPDD5","workflow",340.660914916992,0.506139461520512,0,"ALE","RF"
241,"GSPDD5","workflow",343.816217041016,0.506858669524539,0,"ALE","RF"
242,"GSPDD5","workflow",347.152532653809,0.508096973012672,0,"ALE","RF"
243,"GSPDD5","workflow",351.206060791016,0.508336897289031,0,"ALE","RF"
244,"GSPDD5","workflow",355.292217102051,0.510934043073063,0,"ALE","RF"
245,"GSPDD5","workflow",358.682922973633,0.512387887401845,0,"ALE","RF"
246,"GSPDD5","workflow",362.098834533691,0.519092932973815,0,"ALE","RF"
247,"GSPDD5","workflow",366.604248046875,0.525674045532209,0,"ALE","RF"
248,"GSPDD5","workflow",370.806547546387,0.526636989049061,0,"ALE","RF"
249,"GSPDD5","workflow",375.606906738281,0.526433704076885,0,"ALE","RF"
250,"GSPDD5","workflow",378.427149658203,0.529356389745181,0,"ALE","RF"
251,"GSPDD5","workflow",381.744660644531,0.530585675758926,0,"ALE","RF"
252,"GSPDD5","workflow",385.743977966309,0.530786240857217,0,"ALE","RF"
253,"GSPDD5","workflow",390.011596679688,0.530954713652618,0,"ALE","RF"
254,"GSPDD5","workflow",394.468738708496,0.531567996706859,0,"ALE","RF"
255,"GSPDD5","workflow",399.477747802734,0.531387231805519,0,"ALE","RF"
256,"GSPDD5","workflow",403.382274780273,0.53317046339015,0,"ALE","RF"
257,"GSPDD5","workflow",407.328701171875,0.533918141765168,0,"ALE","RF"
258,"GSPDD5","workflow",411.78908996582,0.534442072789682,0,"ALE","RF"
259,"GSPDD5","workflow",416.305678710938,0.534559194567134,0,"ALE","RF"
260,"GSPDD5","workflow",420.286159667969,0.534916191036176,0,"ALE","RF"
261,"GSPDD5","workflow",423.303497924805,0.534783804851659,0,"ALE","RF"
262,"GSPDD5","workflow",426.876164550781,0.534727176108019,0,"ALE","RF"
263,"GSPDD5","workflow",430.195080566406,0.534778169467423,0,"ALE","RF"
264,"GSPDD5","workflow",433.33103302002,0.53451190572485,0,"ALE","RF"
265,"GSPDD5","workflow",436.574775390625,0.535573325499478,0,"ALE","RF"
266,"GSPDD5","workflow",439.524010925293,0.536293908158509,0,"ALE","RF"
267,"GSPDD5","workflow",442.655444335938,0.538246954979841,0,"ALE","RF"
268,"GSPDD5","workflow",445.960092163086,0.538164290421967,0,"ALE","RF"
269,"GSPDD5","workflow",448.905354003906,0.538666620969107,0,"ALE","RF"
270,"GSPDD5","workflow",451.759410400391,0.538883601196509,0,"ALE","RF"
271,"GSPDD5","workflow",454.918795166016,0.539050685235958,0,"ALE","RF"
272,"GSPDD5","workflow",458.140790100098,0.539026869190535,0,"ALE","RF"
273,"GSPDD5","workflow",461.00791015625,0.539167129126846,0,"ALE","RF"
274,"GSPDD5","workflow",464.066344299316,0.539426790528241,0,"ALE","RF"
275,"GSPDD5","workflow",467.198067626953,0.539651444543844,0,"ALE","RF"
276,"GSPDD5","workflow",470.969945068359,0.540956372560453,0,"ALE","RF"
277,"GSPDD5","workflow",474.99983581543,0.541385544869784,0,"ALE","RF"
278,"GSPDD5","workflow",478.498161315918,0.541250869234886,0,"ALE","RF"
279,"GSPDD5","workflow",481.912438964844,0.541111518268742,0,"ALE","RF"
280,"GSPDD5","workflow",485.727940063477,0.541672218238816,0,"ALE","RF"
281,"GSPDD5","workflow",490.144392700195,0.541186369765316,0,"ALE","RF"
282,"GSPDD5","workflow",494.520132446289,0.539780171791941,0,"ALE","RF"
283,"GSPDD5","workflow",498.9349609375,0.538652026029172,0,"ALE","RF"
284,"GSPDD5","workflow",503.906192626953,0.537762113331989,0,"ALE","RF"
285,"GSPDD5","workflow",509.603117675781,0.535901165414865,0,"ALE","RF"
286,"GSPDD5","workflow",517.207890625,0.534284057057998,0,"ALE","RF"
287,"GSPDD5","workflow",523.294047851562,0.533250720317326,0,"ALE","RF"
288,"GSPDD5","workflow",531.864126586914,0.527106418937977,0,"ALE","RF"
289,"GSPDD5","workflow",540.324958496094,0.525611604952739,0,"ALE","RF"
290,"GSPDD5","workflow",550.803831176758,0.52123935482322,0,"ALE","RF"
291,"GSPDD5","workflow",562.651154785156,0.517135843106233,0,"ALE","RF"
292,"GSPDD5","workflow",572.242364501953,0.51448903289257,0,"ALE","RF"
293,"GSPDD5","workflow",585.879162597656,0.514681842734108,0,"ALE","RF"
294,"GSPDD5","workflow",601.524039916992,0.51305499244898,0,"ALE","RF"
295,"GSPDD5","workflow",620.082678222656,0.505703365206862,0,"ALE","RF"
296,"GSPDD5","workflow",643.136369018555,0.488016421866549,0,"ALE","RF"
297,"GSPDD5","workflow",665.837291259766,0.488082338656329,0,"ALE","RF"
298,"GSPDD5","workflow",689.307070922852,0.491276299589353,0,"ALE","RF"
299,"GSPDD5","workflow",708.648305664062,0.49220294984331,0,"ALE","RF"
300,"GSPDD5","workflow",728.06185180664,0.494707401901264,0,"ALE","RF"
301,"GSPDD5","workflow",750.72171875,0.500797640646905,0,"ALE","RF"
302,"GSPDD5","workflow",779.650238037109,0.510097010217356,0,"ALE","RF"
303,"GSPDD5","workflow",926.077819824219,0.514707175609302,0,"ALE","RF"
304,"hli","workflow",0.286246061325073,0.515060705209465,0,"ALE","RF"
305,"hli","workflow",0.459815021157265,0.533030660578927,0,"ALE","RF"
306,"hli","workflow",0.50479213476181,0.532638248475509,0,"ALE","RF"
307,"hli","workflow",0.530049207210541,0.532156999350065,0,"ALE","RF"
308,"hli","workflow",0.550714917182922,0.532160789906516,0,"ALE","RF"
309,"hli","workflow",0.568668654561043,0.533981685862734,0,"ALE","RF"
310,"hli","workflow",0.582670012712479,0.534260144664466,0,"ALE","RF"
311,"hli","workflow",0.595934845805168,0.534735091352624,0,"ALE","RF"
312,"hli","workflow",0.606554083824158,0.534065081194687,0,"ALE","RF"
313,"hli","workflow",0.616864804625511,0.53307363376764,0,"ALE","RF"
314,"hli","workflow",0.625359916687012,0.532449143965012,0,"ALE","RF"
315,"hli","workflow",0.633716262578964,0.531092829206786,0,"ALE","RF"
316,"hli","workflow",0.641771018505096,0.530779132314347,0,"ALE","RF"
317,"hli","workflow",0.647803907394409,0.530150177327193,0,"ALE","RF"
318,"hli","workflow",0.654213999509811,0.529793844885227,0,"ALE","RF"
319,"hli","workflow",0.660760399699211,0.528768438533097,0,"ALE","RF"
320,"hli","workflow",0.667444069385529,0.527378424280228,0,"ALE","RF"
321,"hli","workflow",0.673153174519539,0.524804992132331,0,"ALE","RF"
322,"hli","workflow",0.678544783592224,0.523827496972267,0,"ALE","RF"
323,"hli","workflow",0.682804396152496,0.521337473266268,0,"ALE","RF"
324,"hli","workflow",0.687196183204651,0.520033646536278,0,"ALE","RF"
325,"hli","workflow",0.691424707770347,0.518847291591065,0,"ALE","RF"
326,"hli","workflow",0.695478327274323,0.518440491274548,0,"ALE","RF"
327,"hli","workflow",0.699903017282486,0.516662099472922,0,"ALE","RF"
328,"hli","workflow",0.703529646396637,0.511288052653213,0,"ALE","RF"
329,"hli","workflow",0.707228511571884,0.508156369595615,0,"ALE","RF"
330,"hli","workflow",0.71075722694397,0.507357043987146,0,"ALE","RF"
331,"hli","workflow",0.714033842682838,0.506867255336111,0,"ALE","RF"
332,"hli","workflow",0.7172749376297,0.505743388874896,0,"ALE","RF"
333,"hli","workflow",0.721342148780823,0.501373987020144,0,"ALE","RF"
334,"hli","workflow",0.72477417588234,0.499543957171464,0,"ALE","RF"
335,"hli","workflow",0.727547610402107,0.498763799851613,0,"ALE","RF"
336,"hli","workflow",0.730215902328491,0.498415043654698,0,"ALE","RF"
337,"hli","workflow",0.732866585850716,0.498107386323443,0,"ALE","RF"
338,"hli","workflow",0.735505678653717,0.497624462699932,0,"ALE","RF"
339,"hli","workflow",0.73791084587574,0.496957182877304,0,"ALE","RF"
340,"hli","workflow",0.740481288433075,0.495529153316601,0,"ALE","RF"
341,"hli","workflow",0.742964081168175,0.49477682806724,0,"ALE","RF"
342,"hli","workflow",0.745468852519989,0.49393089971109,0,"ALE","RF"
343,"hli","workflow",0.74817448079586,0.493632823191147,0,"ALE","RF"
344,"hli","workflow",0.750548541545868,0.492777923536236,0,"ALE","RF"
345,"hli","workflow",0.752771124243736,0.49287576058138,0,"ALE","RF"
346,"hli","workflow",0.755238165855408,0.492933582934182,0,"ALE","RF"
347,"hli","workflow",0.75750083565712,0.493153636512899,0,"ALE","RF"
348,"hli","workflow",0.759417481422424,0.492899912469794,0,"ALE","RF"
349,"hli","workflow",0.761299878358841,0.492850715733129,0,"ALE","RF"
350,"hli","workflow",0.763526494503021,0.492636974726428,0,"ALE","RF"
351,"hli","workflow",0.765569267868996,0.49234367996733,0,"ALE","RF"
352,"hli","workflow",0.767900187969208,0.492943033891078,0,"ALE","RF"
353,"hli","workflow",0.770258859992027,0.493067837100116,0,"ALE","RF"
354,"hli","workflow",0.772530436515808,0.49292005814007,0,"ALE","RF"
355,"hli","workflow",0.774664989113808,0.493022685121805,0,"ALE","RF"
356,"hli","workflow",0.777184145450592,0.493218188666168,0,"ALE","RF"
357,"hli","workflow",0.779438722729683,0.493188017461545,0,"ALE","RF"
358,"hli","workflow",0.781772263050079,0.493026682015251,0,"ALE","RF"
359,"hli","workflow",0.784055450558662,0.49303936120507,0,"ALE","RF"
360,"hli","workflow",0.786403877735138,0.492858848039422,0,"ALE","RF"
361,"hli","workflow",0.788849089741707,0.492907885385199,0,"ALE","RF"
362,"hli","workflow",0.791432281732559,0.492421871604539,0,"ALE","RF"
363,"hli","workflow",0.793559479117393,0.49244732162674,0,"ALE","RF"
364,"hli","workflow",0.79617235660553,0.492483075694695,0,"ALE","RF"
365,"hli","workflow",0.798550488948822,0.49251120399713,0,"ALE","RF"
366,"hli","workflow",0.801226080656052,0.492695063221078,0,"ALE","RF"
367,"hli","workflow",0.803902129530907,0.492638489981338,0,"ALE","RF"
368,"hli","workflow",0.806562185287476,0.492470035043884,0,"ALE","RF"
369,"hli","workflow",0.809523177146912,0.492165604061969,0,"ALE","RF"
370,"hli","workflow",0.812087525129318,0.492410701143292,0,"ALE","RF"
371,"hli","workflow",0.814754877686501,0.493474280951793,0,"ALE","RF"
372,"hli","workflow",0.817353625297546,0.494074094432441,0,"ALE","RF"
373,"hli","workflow",0.820269164443016,0.494795562053124,0,"ALE","RF"
374,"hli","workflow",0.823066502809525,0.494634552060476,0,"ALE","RF"
375,"hli","workflow",0.826041780114174,0.493988842108433,0,"ALE","RF"
376,"hli","workflow",0.830009529590607,0.495383333291938,0,"ALE","RF"
377,"hli","workflow",0.83321838259697,0.495546267882933,0,"ALE","RF"
378,"hli","workflow",0.836795717477798,0.496734373831517,0,"ALE","RF"
379,"hli","workflow",0.840199261903763,0.496935810936054,0,"ALE","RF"
380,"hli","workflow",0.843582837581634,0.497641873224497,0,"ALE","RF"
381,"hli","workflow",0.846486241221428,0.498077990997817,0,"ALE","RF"
382,"hli","workflow",0.849676172733307,0.49798901017228,0,"ALE","RF"
383,"hli","workflow",0.853267040252686,0.498394175368972,0,"ALE","RF"
384,"hli","workflow",0.856864356994629,0.498584741439017,0,"ALE","RF"
385,"hli","workflow",0.860435580611229,0.499290167838741,0,"ALE","RF"
386,"hli","workflow",0.864154651165009,0.499509273424465,0,"ALE","RF"
387,"hli","workflow",0.868068553805351,0.499422846131961,0,"ALE","RF"
388,"hli","workflow",0.871985652446747,0.499549626430107,0,"ALE","RF"
389,"hli","workflow",0.876547265052795,0.499544950189193,0,"ALE","RF"
390,"hli","workflow",0.881177682876587,0.499752496898423,0,"ALE","RF"
391,"hli","workflow",0.885632025003433,0.499721423496902,0,"ALE","RF"
392,"hli","workflow",0.89011137008667,0.499870735105238,0,"ALE","RF"
393,"hli","workflow",0.89531573176384,0.500056389863237,0,"ALE","RF"
394,"hli","workflow",0.901135492324829,0.500064627696769,0,"ALE","RF"
395,"hli","workflow",0.907311358451843,0.499862527330826,0,"ALE","RF"
396,"hli","workflow",0.91281436920166,0.499296343824564,0,"ALE","RF"
397,"hli","workflow",0.918772085309029,0.498692494640869,0,"ALE","RF"
398,"hli","workflow",0.924053449630737,0.497887898797367,0,"ALE","RF"
399,"hli","workflow",0.931786906719208,0.496203571174108,0,"ALE","RF"
400,"hli","workflow",0.938876850605011,0.493676004101304,0,"ALE","RF"
401,"hli","workflow",0.94737401843071,0.491741941188119,0,"ALE","RF"
402,"hli","workflow",0.955228250026703,0.488415977432293,0,"ALE","RF"
403,"hli","workflow",0.966211089491844,0.485367509617883,0,"ALE","RF"
404,"hli","workflow",0.996352076530457,0.474969745614242,0,"ALE","RF"
405,"OM","workflow",-1.24998950958252,0.438306938610559,0,"ALE","RF"
406,"OM","workflow",-0.114178167656064,0.408718343053506,0,"ALE","RF"
407,"OM","workflow",-0.0570071706175804,0.406315932722635,0,"ALE","RF"
408,"OM","workflow",-0.0212380439415574,0.404632734625865,0,"ALE","RF"
409,"OM","workflow",-0.000969362831674514,0.403896858649171,0,"ALE","RF"
410,"OM","workflow",0.0258024795912206,0.404094820312802,0,"ALE","RF"
411,"OM","workflow",0.0517624247819185,0.40736343582292,0,"ALE","RF"
412,"OM","workflow",0.0750000029802322,0.40703814983342,0,"ALE","RF"
413,"OM","workflow",0.0892535483837128,0.409924487441641,0,"ALE","RF"
414,"OM","workflow",0.109824919998646,0.412525110080833,0,"ALE","RF"
415,"OM","workflow",0.129066029191017,0.417183014892152,0,"ALE","RF"
416,"OM","workflow",0.145678804665804,0.41848024078588,0,"ALE","RF"
417,"OM","workflow",0.162350938916206,0.42045093467153,0,"ALE","RF"
418,"OM","workflow",0.177318747639656,0.430824539548296,0,"ALE","RF"
419,"OM","workflow",0.190301909446716,0.438161938953182,0,"ALE","RF"
420,"OM","workflow",0.202591834962368,0.443173545092112,0,"ALE","RF"
421,"OM","workflow",0.211931396126747,0.446992653755907,0,"ALE","RF"
422,"OM","workflow",0.219597144275904,0.450233682905951,0,"ALE","RF"
423,"OM","workflow",0.229445030987263,0.452645474148169,0,"ALE","RF"
424,"OM","workflow",0.237583472430706,0.454481499117403,0,"ALE","RF"
425,"OM","workflow",0.24677346944809,0.459414385277133,0,"ALE","RF"
426,"OM","workflow",0.255621319413185,0.461569034413448,0,"ALE","RF"
427,"OM","workflow",0.263657992482185,0.464985419485663,0,"ALE","RF"
428,"OM","workflow",0.272203206121922,0.473433103883857,0,"ALE","RF"
429,"OM","workflow",0.280052769184113,0.478681085886167,0,"ALE","RF"
430,"OM","workflow",0.287396408617496,0.481129234057175,0,"ALE","RF"
431,"OM","workflow",0.294622776508331,0.483350965258825,0,"ALE","RF"
432,"OM","workflow",0.304246765375137,0.486041529498749,0,"ALE","RF"
433,"OM","workflow",0.312414828538895,0.487551159617111,0,"ALE","RF"
434,"OM","workflow",0.31920301347971,0.486838845582835,0,"ALE","RF"
435,"OM","workflow",0.325462564826012,0.485361107620532,0,"ALE","RF"
436,"OM","workflow",0.332717105150223,0.485227437434969,0,"ALE","RF"
437,"OM","workflow",0.338892821073532,0.484733807633358,0,"ALE","RF"
438,"OM","workflow",0.346379636526108,0.484910999907823,0,"ALE","RF"
439,"OM","workflow",0.353481348156929,0.485121677105986,0,"ALE","RF"
440,"OM","workflow",0.36094541400671,0.48528222789878,0,"ALE","RF"
441,"OM","workflow",0.36761633515358,0.485423904917918,0,"ALE","RF"
442,"OM","workflow",0.37526563256979,0.485718556192716,0,"ALE","RF"
443,"OM","workflow",0.382771461009979,0.485626036449989,0,"ALE","RF"
444,"OM","workflow",0.389509371817112,0.486706184660483,0,"ALE","RF"
445,"OM","workflow",0.395623052120209,0.486973854141185,0,"ALE","RF"
446,"OM","workflow",0.40186852812767,0.487458492656577,0,"ALE","RF"
447,"OM","workflow",0.408136213421822,0.486902452337288,0,"ALE","RF"
448,"OM","workflow",0.414912610948086,0.488582657440288,0,"ALE","RF"
449,"OM","workflow",0.420740163326263,0.488568784312397,0,"ALE","RF"
450,"OM","workflow",0.424935677647591,0.489131644565249,0,"ALE","RF"
451,"OM","workflow",0.430156244635582,0.490929636619436,0,"ALE","RF"
452,"OM","workflow",0.435042375326157,0.492511599673453,0,"ALE","RF"
453,"OM","workflow",0.440369516611099,0.495994664041935,0,"ALE","RF"
454,"OM","workflow",0.446491064429283,0.499496954466192,0,"ALE","RF"
455,"OM","workflow",0.452304631471634,0.50647657575778,0,"ALE","RF"
456,"OM","workflow",0.457058817148209,0.509472416946215,0,"ALE","RF"
457,"OM","workflow",0.463107476234436,0.511432004126713,0,"ALE","RF"
458,"OM","workflow",0.46900766402483,0.511795246727469,0,"ALE","RF"
459,"OM","workflow",0.473780418038368,0.510708585983945,0,"ALE","RF"
460,"OM","workflow",0.48029400408268,0.513570750364995,0,"ALE","RF"
461,"OM","workflow",0.485487736463547,0.517046244171431,0,"ALE","RF"
462,"OM","workflow",0.491882525980473,0.525381405101352,0,"ALE","RF"
463,"OM","workflow",0.497146093845367,0.529793677556711,0,"ALE","RF"
464,"OM","workflow",0.501827384829521,0.53059344815406,0,"ALE","RF"
465,"OM","workflow",0.507436406612396,0.531248781999195,0,"ALE","RF"
466,"OM","workflow",0.513482629656792,0.531610378414675,0,"ALE","RF"
467,"OM","workflow",0.517932109832764,0.531637579662813,0,"ALE","RF"
468,"OM","workflow",0.523027291297913,0.533955737851539,0,"ALE","RF"
469,"OM","workflow",0.528611843585968,0.539449534907636,0,"ALE","RF"
470,"OM","workflow",0.53301847577095,0.541749026566606,0,"ALE","RF"
471,"OM","workflow",0.53971044421196,0.544006788233799,0,"ALE","RF"
472,"OM","workflow",0.545667926669121,0.544473433641589,0,"ALE","RF"
473,"OM","workflow",0.551994943618774,0.545390499195235,0,"ALE","RF"
474,"OM","workflow",0.558455852270126,0.546272442359754,0,"ALE","RF"
475,"OM","workflow",0.564769399166107,0.548753229053077,0,"ALE","RF"
476,"OM","workflow",0.57266096830368,0.549491748237432,0,"ALE","RF"
477,"OM","workflow",0.58001147031784,0.54891767570065,0,"ALE","RF"
478,"OM","workflow",0.586956971287727,0.550824090700459,0,"ALE","RF"
479,"OM","workflow",0.595871064662933,0.551078472277305,0,"ALE","RF"
480,"OM","workflow",0.603836119174957,0.551365284277607,0,"ALE","RF"
481,"OM","workflow",0.610898461341858,0.551110880328811,0,"ALE","RF"
482,"OM","workflow",0.617218617200852,0.554091401583957,0,"ALE","RF"
483,"OM","workflow",0.623377411365509,0.554659309155348,0,"ALE","RF"
484,"OM","workflow",0.631018593907356,0.555471063113729,0,"ALE","RF"
485,"OM","workflow",0.638379180431366,0.556316465501407,0,"ALE","RF"
486,"OM","workflow",0.64666649222374,0.555747124810106,0,"ALE","RF"
487,"OM","workflow",0.656340781450272,0.557282210368968,0,"ALE","RF"
488,"OM","workflow",0.668269112110138,0.557707763739282,0,"ALE","RF"
489,"OM","workflow",0.6782120013237,0.558405861838617,0,"ALE","RF"
490,"OM","workflow",0.687670958042145,0.559056325233523,0,"ALE","RF"
491,"OM","workflow",0.699675025939941,0.560433285689132,0,"ALE","RF"
492,"OM","workflow",0.713281506896019,0.56028935323779,0,"ALE","RF"
493,"OM","workflow",0.7248859167099,0.559851177688081,0,"ALE","RF"
494,"OM","workflow",0.739405816197395,0.56096981974445,0,"ALE","RF"
495,"OM","workflow",0.754850947856903,0.560819483339809,0,"ALE","RF"
496,"OM","workflow",0.775412999391556,0.561293462255535,0,"ALE","RF"
497,"OM","workflow",0.792388296127319,0.561465968578899,0,"ALE","RF"
498,"OM","workflow",0.813149679899216,0.562239509337273,0,"ALE","RF"
499,"OM","workflow",0.836637547016144,0.563025726824052,0,"ALE","RF"
500,"OM","workflow",0.861523333191872,0.564986539138283,0,"ALE","RF"
501,"OM","workflow",0.889677004814147,0.564616255237624,0,"ALE","RF"
502,"OM","workflow",0.926613247394561,0.564713655604291,0,"ALE","RF"
503,"OM","workflow",0.977169107198715,0.564573217176511,0,"ALE","RF"
504,"OM","workflow",1.04015288472176,0.56364489201126,0,"ALE","RF"
505,"OM","workflow",1.54962706565857,0.563288178293297,0,"ALE","RF"
506,"PRATIO","workflow",0.326286375522614,0.527501310366356,0,"ALE","RF"
507,"PRATIO","workflow",0.364584320783615,0.552723275144159,0,"ALE","RF"
508,"PRATIO","workflow",0.379066008329392,0.560423966743369,0,"ALE","RF"
509,"PRATIO","workflow",0.386461151540279,0.562162187063669,0,"ALE","RF"
510,"PRATIO","workflow",0.39117405295372,0.567526984629641,0,"ALE","RF"
511,"PRATIO","workflow",0.396626648306847,0.57002797686791,0,"ALE","RF"
512,"PRATIO","workflow",0.400903986096382,0.572095469430108,0,"ALE","RF"
513,"PRATIO","workflow",0.405181890428066,0.574035309294645,0,"ALE","RF"
514,"PRATIO","workflow",0.408414475917816,0.573963367860633,0,"ALE","RF"
515,"PRATIO","workflow",0.4118797275424,0.574393398578485,0,"ALE","RF"
516,"PRATIO","workflow",0.414799764752388,0.575268737708194,0,"ALE","RF"
517,"PRATIO","workflow",0.417475706636906,0.57593545331781,0,"ALE","RF"
518,"PRATIO","workflow",0.419894951581955,0.576183748927536,0,"ALE","RF"
519,"PRATIO","workflow",0.422331132590771,0.576729075816893,0,"ALE","RF"
520,"PRATIO","workflow",0.424690200090408,0.577141027690575,0,"ALE","RF"
521,"PRATIO","workflow",0.426825104653835,0.577502922364125,0,"ALE","RF"
522,"PRATIO","workflow",0.429351341724396,0.577748145355792,0,"ALE","RF"
523,"PRATIO","workflow",0.43144028365612,0.578417488668915,0,"ALE","RF"
524,"PRATIO","workflow",0.433528403639793,0.579328663977364,0,"ALE","RF"
525,"PRATIO","workflow",0.435782164335251,0.579851051733247,0,"ALE","RF"
526,"PRATIO","workflow",0.438140618801117,0.579732079848481,0,"ALE","RF"
527,"PRATIO","workflow",0.440366813540459,0.580024756123676,0,"ALE","RF"
528,"PRATIO","workflow",0.442600865364075,0.579917581321834,0,"ALE","RF"
529,"PRATIO","workflow",0.444881338477135,0.580103558697379,0,"ALE","RF"
530,"PRATIO","workflow",0.44722193479538,0.580457449576083,0,"ALE","RF"
531,"PRATIO","workflow",0.449727177619934,0.578761068652756,0,"ALE","RF"
532,"PRATIO","workflow",0.451901742219925,0.577645603180079,0,"ALE","RF"
533,"PRATIO","workflow",0.453899801671505,0.577352630461916,0,"ALE","RF"
534,"PRATIO","workflow",0.455896977186203,0.577832161426958,0,"ALE","RF"
535,"PRATIO","workflow",0.457730460166931,0.577440242399197,0,"ALE","RF"
536,"PRATIO","workflow",0.45968371629715,0.577218461700072,0,"ALE","RF"
537,"PRATIO","workflow",0.461371358633041,0.577370025220614,0,"ALE","RF"
538,"PRATIO","workflow",0.463238981962204,0.57725969716935,0,"ALE","RF"
539,"PRATIO","workflow",0.464983029067516,0.577507268879742,0,"ALE","RF"
540,"PRATIO","workflow",0.467008885145187,0.577125788114888,0,"ALE","RF"
541,"PRATIO","workflow",0.468859553337097,0.577189465541652,0,"ALE","RF"
542,"PRATIO","workflow",0.470851274728775,0.576919135345173,0,"ALE","RF"
543,"PRATIO","workflow",0.472499673366547,0.57724548014303,0,"ALE","RF"
544,"PRATIO","workflow",0.474290093779564,0.577571036065994,0,"ALE","RF"
545,"PRATIO","workflow",0.476403371095657,0.577597761082183,0,"ALE","RF"
546,"PRATIO","workflow",0.478850269317627,0.577432730596547,0,"ALE","RF"
547,"PRATIO","workflow",0.481049016714096,0.576665652643576,0,"ALE","RF"
548,"PRATIO","workflow",0.483619848489761,0.576568686712887,0,"ALE","RF"
549,"PRATIO","workflow",0.486011855602264,0.576031993212976,0,"ALE","RF"
550,"PRATIO","workflow",0.4883573615551,0.575945265818744,0,"ALE","RF"
551,"PRATIO","workflow",0.490164461731911,0.575361678947766,0,"ALE","RF"
552,"PRATIO","workflow",0.491885660886764,0.57562092383236,0,"ALE","RF"
553,"PRATIO","workflow",0.494231640696526,0.573118174075397,0,"ALE","RF"
554,"PRATIO","workflow",0.496484880447388,0.57037992139986,0,"ALE","RF"
555,"PRATIO","workflow",0.498554812073708,0.564551364268496,0,"ALE","RF"
556,"PRATIO","workflow",0.500773727893829,0.558043203831568,0,"ALE","RF"
557,"PRATIO","workflow",0.503376363515854,0.550159734958742,0,"ALE","RF"
558,"PRATIO","workflow",0.505796668529511,0.545022396635994,0,"ALE","RF"
559,"PRATIO","workflow",0.508471014499664,0.53998663453611,0,"ALE","RF"
560,"PRATIO","workflow",0.510662142038345,0.533064674631073,0,"ALE","RF"
561,"PRATIO","workflow",0.513506555557251,0.527169505993231,0,"ALE","RF"
562,"PRATIO","workflow",0.51681262254715,0.52549691219368,0,"ALE","RF"
563,"PRATIO","workflow",0.519727799296379,0.524937292126607,0,"ALE","RF"
564,"PRATIO","workflow",0.522446143627167,0.52121727444234,0,"ALE","RF"
565,"PRATIO","workflow",0.525352382063866,0.50452859592661,0,"ALE","RF"
566,"PRATIO","workflow",0.528081369400024,0.47098057082735,0,"ALE","RF"
567,"PRATIO","workflow",0.531785037517548,0.463645524224506,0,"ALE","RF"
568,"PRATIO","workflow",0.535114380121231,0.460150546711965,0,"ALE","RF"
569,"PRATIO","workflow",0.539176572561264,0.450260197859529,0,"ALE","RF"
570,"PRATIO","workflow",0.542261874675751,0.448334065770177,0,"ALE","RF"
571,"PRATIO","workflow",0.545991426706314,0.446639657373187,0,"ALE","RF"
572,"PRATIO","workflow",0.550120624303818,0.445472892202106,0,"ALE","RF"
573,"PRATIO","workflow",0.554484656453133,0.443809859899423,0,"ALE","RF"
574,"PRATIO","workflow",0.558905382156372,0.437982598399646,0,"ALE","RF"
575,"PRATIO","workflow",0.563301059007645,0.430032587281136,0,"ALE","RF"
576,"PRATIO","workflow",0.566821026802063,0.426354752601356,0,"ALE","RF"
577,"PRATIO","workflow",0.570438908338547,0.42334244945347,0,"ALE","RF"
578,"PRATIO","workflow",0.573442494869232,0.42241427939398,0,"ALE","RF"
579,"PRATIO","workflow",0.578235176801681,0.420374106699733,0,"ALE","RF"
580,"PRATIO","workflow",0.582763390541077,0.417223313363364,0,"ALE","RF"
581,"PRATIO","workflow",0.588114857673645,0.411620396576937,0,"ALE","RF"
582,"PRATIO","workflow",0.593135044574738,0.40836051677627,0,"ALE","RF"
583,"PRATIO","workflow",0.598190057873726,0.408267988943797,0,"ALE","RF"
584,"PRATIO","workflow",0.605486974716187,0.406102048356795,0,"ALE","RF"
585,"PRATIO","workflow",0.613233594894409,0.404369366127845,0,"ALE","RF"
586,"PRATIO","workflow",0.620373094081879,0.403536709607341,0,"ALE","RF"
587,"PRATIO","workflow",0.62841558277607,0.405472017166348,0,"ALE","RF"
588,"PRATIO","workflow",0.63459846496582,0.404598200949352,0,"ALE","RF"
589,"PRATIO","workflow",0.640666016936302,0.403373032129878,0,"ALE","RF"
590,"PRATIO","workflow",0.647029800415039,0.402575742206112,0,"ALE","RF"
591,"PRATIO","workflow",0.652877706289291,0.402180787361027,0,"ALE","RF"
592,"PRATIO","workflow",0.660035378932953,0.402111286066916,0,"ALE","RF"
593,"PRATIO","workflow",0.66572624027729,0.398680066555679,0,"ALE","RF"
594,"PRATIO","workflow",0.67303190946579,0.391309983964586,0,"ALE","RF"
595,"PRATIO","workflow",0.679848256111145,0.388295334019881,0,"ALE","RF"
596,"PRATIO","workflow",0.686471325159073,0.38630631559969,0,"ALE","RF"
597,"PRATIO","workflow",0.69268221616745,0.383577806438468,0,"ALE","RF"
598,"PRATIO","workflow",0.69790854215622,0.381414560743123,0,"ALE","RF"
599,"PRATIO","workflow",0.703745517730713,0.379128846903928,0,"ALE","RF"
600,"PRATIO","workflow",0.710075554847717,0.377741937146196,0,"ALE","RF"
601,"PRATIO","workflow",0.715800079703331,0.375370616346442,0,"ALE","RF"
602,"PRATIO","workflow",0.72284740447998,0.3733786696504,0,"ALE","RF"
603,"PRATIO","workflow",0.730511476397514,0.372930645590786,0,"ALE","RF"
604,"PRATIO","workflow",0.74292696595192,0.374247422735384,0,"ALE","RF"
605,"PRATIO","workflow",0.758896772861481,0.375168920550429,0,"ALE","RF"
606,"PRATIO","workflow",0.799572348594666,0.381985716011945,0,"ALE","RF"
607,"RH","workflow",38.6966285705566,0.419429353115786,0,"ALE","RF"
608,"RH","workflow",42.5261520004272,0.417634612369811,0,"ALE","RF"
609,"RH","workflow",43.2462159729004,0.423868814316089,0,"ALE","RF"
610,"RH","workflow",43.7573014831543,0.427532506986101,0,"ALE","RF"
611,"RH","workflow",44.3213403320313,0.431585849953228,0,"ALE","RF"
612,"RH","workflow",44.678281211853,0.437923619477285,0,"ALE","RF"
613,"RH","workflow",45.1480674743652,0.448624313402785,0,"ALE","RF"
614,"RH","workflow",45.5616289901733,0.460920400539303,0,"ALE","RF"
615,"RH","workflow",45.9006280517578,0.465235399352992,0,"ALE","RF"
616,"RH","workflow",46.0741260910034,0.466637112317552,0,"ALE","RF"
617,"RH","workflow",46.3362373352051,0.469647838932883,0,"ALE","RF"
618,"RH","workflow",46.5869554519653,0.479292381131966,0,"ALE","RF"
619,"RH","workflow",46.8234658813477,0.485779480656854,0,"ALE","RF"
620,"RH","workflow",47.0571827697754,0.488568672081354,0,"ALE","RF"
621,"RH","workflow",47.2489492797852,0.493039422626226,0,"ALE","RF"
622,"RH","workflow",47.4387245178223,0.496262223410952,0,"ALE","RF"
623,"RH","workflow",47.6250942993164,0.499918359291504,0,"ALE","RF"
624,"RH","workflow",47.7906756210327,0.503621782771881,0,"ALE","RF"
625,"RH","workflow",47.9723494720459,0.506026336512298,0,"ALE","RF"
626,"RH","workflow",48.100703163147,0.506549676472261,0,"ALE","RF"
627,"RH","workflow",48.3082443237305,0.507845455954913,0,"ALE","RF"
628,"RH","workflow",48.4543468475342,0.508100391495816,0,"ALE","RF"
629,"RH","workflow",48.6149597167969,0.508745237733969,0,"ALE","RF"
630,"RH","workflow",48.7700469970703,0.510127960387211,0,"ALE","RF"
631,"RH","workflow",48.909143371582,0.511165234294884,0,"ALE","RF"
632,"RH","workflow",49.0649852752686,0.51212419619317,0,"ALE","RF"
633,"RH","workflow",49.2152703857422,0.513564507109154,0,"ALE","RF"
634,"RH","workflow",49.3469875335693,0.51397800790045,0,"ALE","RF"
635,"RH","workflow",49.468334197998,0.515221546318482,0,"ALE","RF"
636,"RH","workflow",49.5773113632202,0.515853503233199,0,"ALE","RF"
637,"RH","workflow",49.7003284454346,0.516845733840463,0,"ALE","RF"
638,"RH","workflow",49.8116591644287,0.517459588737458,0,"ALE","RF"
639,"RH","workflow",49.9197816467285,0.518075650145805,0,"ALE","RF"
640,"RH","workflow",50.0383158111572,0.517607132505684,0,"ALE","RF"
641,"RH","workflow",50.1398205566406,0.517304474419078,0,"ALE","RF"
642,"RH","workflow",50.2629137039185,0.516842091579836,0,"ALE","RF"
643,"RH","workflow",50.3749882507324,0.516782309123083,0,"ALE","RF"
644,"RH","workflow",50.4852802658081,0.516364000730646,0,"ALE","RF"
645,"RH","workflow",50.600671005249,0.516127922605721,0,"ALE","RF"
646,"RH","workflow",50.7323245239258,0.516192805337524,0,"ALE","RF"
647,"RH","workflow",50.8311111450195,0.516331191282509,0,"ALE","RF"
648,"RH","workflow",50.9229160308838,0.516362857356561,0,"ALE","RF"
649,"RH","workflow",51.000550994873,0.515859415158594,0,"ALE","RF"
650,"RH","workflow",51.092288017273,0.515979405576939,0,"ALE","RF"
651,"RH","workflow",51.1945756530762,0.515644060076659,0,"ALE","RF"
652,"RH","workflow",51.3209112167358,0.515887642998365,0,"ALE","RF"
653,"RH","workflow",51.4484178924561,0.51594511484098,0,"ALE","RF"
654,"RH","workflow",51.5494288635254,0.515986927329713,0,"ALE","RF"
655,"RH","workflow",51.6546815490723,0.516106268675727,0,"ALE","RF"
656,"RH","workflow",51.7531528091431,0.515875747903819,0,"ALE","RF"
657,"RH","workflow",51.840368270874,0.51590475070364,0,"ALE","RF"
658,"RH","workflow",51.9280794525147,0.515764591792176,0,"ALE","RF"
659,"RH","workflow",51.9995683288574,0.515773390607328,0,"ALE","RF"
660,"RH","workflow",52.0697362518311,0.516390774297952,0,"ALE","RF"
661,"RH","workflow",52.1549407196045,0.516843548989452,0,"ALE","RF"
662,"RH","workflow",52.2613843917847,0.517135986681892,0,"ALE","RF"
663,"RH","workflow",52.3445693969727,0.517498603523588,0,"ALE","RF"
664,"RH","workflow",52.4312298965454,0.51788608863453,0,"ALE","RF"
665,"RH","workflow",52.5047340393066,0.517837496573797,0,"ALE","RF"
666,"RH","workflow",52.6031528091431,0.518127321003254,0,"ALE","RF"
667,"RH","workflow",52.6982208251953,0.517912110884135,0,"ALE","RF"
668,"RH","workflow",52.781428642273,0.517750803137447,0,"ALE","RF"
669,"RH","workflow",52.8536059570312,0.517822835380777,0,"ALE","RF"
670,"RH","workflow",52.9282299423218,0.517805089168106,0,"ALE","RF"
671,"RH","workflow",52.9876750183105,0.517534389119277,0,"ALE","RF"
672,"RH","workflow",53.0699207305908,0.516713030031951,0,"ALE","RF"
673,"RH","workflow",53.1703924560547,0.516472879415716,0,"ALE","RF"
674,"RH","workflow",53.2518423461914,0.516294116899253,0,"ALE","RF"
675,"RH","workflow",53.3347424316406,0.51592286967283,0,"ALE","RF"
676,"RH","workflow",53.437516784668,0.515652188564047,0,"ALE","RF"
677,"RH","workflow",53.5357479095459,0.514906460256153,0,"ALE","RF"
678,"RH","workflow",53.6308535766602,0.514605215258336,0,"ALE","RF"
679,"RH","workflow",53.7482275390625,0.51505748995862,0,"ALE","RF"
680,"RH","workflow",53.8459230041504,0.514659934732467,0,"ALE","RF"
681,"RH","workflow",53.944986114502,0.514080912502985,0,"ALE","RF"
682,"RH","workflow",54.0478792190552,0.513261316062335,0,"ALE","RF"
683,"RH","workflow",54.166460723877,0.513398081209257,0,"ALE","RF"
684,"RH","workflow",54.2938647842407,0.513395392375375,0,"ALE","RF"
685,"RH","workflow",54.408664855957,0.513346990344422,0,"ALE","RF"
686,"RH","workflow",54.514993095398,0.513417888004272,0,"ALE","RF"
687,"RH","workflow",54.6268821716309,0.513648002238917,0,"ALE","RF"
688,"RH","workflow",54.7483712768555,0.513720989931052,0,"ALE","RF"
689,"RH","workflow",54.8715721893311,0.513491444899885,0,"ALE","RF"
690,"RH","workflow",54.9867092895508,0.513392184381551,0,"ALE","RF"
691,"RH","workflow",55.1066937255859,0.513095490296536,0,"ALE","RF"
692,"RH","workflow",55.223749923706,0.513378509291323,0,"ALE","RF"
693,"RH","workflow",55.3546650695801,0.513533429882953,0,"ALE","RF"
694,"RH","workflow",55.5119964599609,0.513264552091727,0,"ALE","RF"
695,"RH","workflow",55.6840664672852,0.512955102278293,0,"ALE","RF"
696,"RH","workflow",55.8622702026367,0.512933304713093,0,"ALE","RF"
697,"RH","workflow",56.0369407653809,0.512640820553303,0,"ALE","RF"
698,"RH","workflow",56.2162015914917,0.51208589254469,0,"ALE","RF"
699,"RH","workflow",56.421551361084,0.512017084720446,0,"ALE","RF"
700,"RH","workflow",56.6394703674316,0.510055376268799,0,"ALE","RF"
701,"RH","workflow",56.8990630340576,0.507488751088382,0,"ALE","RF"
702,"RH","workflow",57.2390428543091,0.50235774815209,0,"ALE","RF"
703,"RH","workflow",57.6702792358398,0.498572678729782,0,"ALE","RF"
704,"RH","workflow",58.1819004058838,0.494544892559207,0,"ALE","RF"
705,"RH","workflow",58.9556087493897,0.485505886603715,0,"ALE","RF"
706,"RH","workflow",59.9590730285645,0.47806295050299,0,"ALE","RF"
707,"RH","workflow",67.9946746826172,0.451333591781894,0,"ALE","RF"
708,"TD","workflow",17.1612071990967,0.447122598803923,0,"ALE","RF"
709,"TD","workflow",18.1597093200684,0.449512483936724,0,"ALE","RF"
710,"TD","workflow",18.4265461730957,0.453410917390489,0,"ALE","RF"
711,"TD","workflow",18.6055395126343,0.456210110338689,0,"ALE","RF"
712,"TD","workflow",18.7576812744141,0.469108644690084,0,"ALE","RF"
713,"TD","workflow",18.9044772148132,0.478946969350158,0,"ALE","RF"
714,"TD","workflow",19.0167464065552,0.480468277279192,0,"ALE","RF"
715,"TD","workflow",19.1206571769714,0.479840385626564,0,"ALE","RF"
716,"TD","workflow",19.2188248443604,0.483634755971143,0,"ALE","RF"
717,"TD","workflow",19.3100456047058,0.490387849989695,0,"ALE","RF"
718,"TD","workflow",19.3959426879883,0.492879888607899,0,"ALE","RF"
719,"TD","workflow",19.4859823989868,0.492773826502031,0,"ALE","RF"
720,"TD","workflow",19.5656815338135,0.493380467697394,0,"ALE","RF"
721,"TD","workflow",19.6541634750366,0.494164706948447,0,"ALE","RF"
722,"TD","workflow",19.7174381637573,0.493770851138497,0,"ALE","RF"
723,"TD","workflow",19.7825086593628,0.493795342216055,0,"ALE","RF"
724,"TD","workflow",19.8510068511963,0.495080109612007,0,"ALE","RF"
725,"TD","workflow",19.9076551055908,0.497780760243348,0,"ALE","RF"
726,"TD","workflow",19.9575923538208,0.500034908482176,0,"ALE","RF"
727,"TD","workflow",20.0111117172241,0.502785264079254,0,"ALE","RF"
728,"TD","workflow",20.0651264190674,0.503932454321859,0,"ALE","RF"
729,"TD","workflow",20.1276549530029,0.504747977729564,0,"ALE","RF"
730,"TD","workflow",20.1800522994995,0.504313594041672,0,"ALE","RF"
731,"TD","workflow",20.2278387069702,0.50507054703009,0,"ALE","RF"
732,"TD","workflow",20.2778366851807,0.505935367965437,0,"ALE","RF"
733,"TD","workflow",20.3095226287842,0.506981090102041,0,"ALE","RF"
734,"TD","workflow",20.3487638092041,0.507238432772474,0,"ALE","RF"
735,"TD","workflow",20.3915309333801,0.507230142060742,0,"ALE","RF"
736,"TD","workflow",20.4320682525635,0.506124519378506,0,"ALE","RF"
737,"TD","workflow",20.4694257736206,0.506115357356128,0,"ALE","RF"
738,"TD","workflow",20.5130083084106,0.505753002329885,0,"ALE","RF"
739,"TD","workflow",20.5567078018188,0.50656006188851,0,"ALE","RF"
740,"TD","workflow",20.5975496673584,0.50535789983019,0,"ALE","RF"
741,"TD","workflow",20.6472185325623,0.504630322741022,0,"ALE","RF"
742,"TD","workflow",20.6971882247925,0.503535303813736,0,"ALE","RF"
743,"TD","workflow",20.7438426971436,0.505570828676692,0,"ALE","RF"
744,"TD","workflow",20.7800964355469,0.506379627205439,0,"ALE","RF"
745,"TD","workflow",20.8225392723083,0.508926082956696,0,"ALE","RF"
746,"TD","workflow",20.8698249816895,0.511545263681387,0,"ALE","RF"
747,"TD","workflow",20.9119386672974,0.517803061599768,0,"ALE","RF"
748,"TD","workflow",20.9501354217529,0.519754870924071,0,"ALE","RF"
749,"TD","workflow",20.9964211654663,0.519728928104853,0,"ALE","RF"
750,"TD","workflow",21.0421587371826,0.524393417066887,0,"ALE","RF"
751,"TD","workflow",21.0917827415466,0.524458727389638,0,"ALE","RF"
752,"TD","workflow",21.1426473999023,0.524930827540861,0,"ALE","RF"
753,"TD","workflow",21.1871949195862,0.52561759778291,0,"ALE","RF"
754,"TD","workflow",21.2362956237793,0.526163807456364,0,"ALE","RF"
755,"TD","workflow",21.2866133880615,0.526785503296028,0,"ALE","RF"
756,"TD","workflow",21.3291153717041,0.525936381714905,0,"ALE","RF"
757,"TD","workflow",21.3715620994568,0.527011630229533,0,"ALE","RF"
758,"TD","workflow",21.4166860580444,0.526828186205393,0,"ALE","RF"
759,"TD","workflow",21.4623111343384,0.52655766555661,0,"ALE","RF"
760,"TD","workflow",21.5065621185303,0.527134632563206,0,"ALE","RF"
761,"TD","workflow",21.5505759239197,0.5270728516668,0,"ALE","RF"
762,"TD","workflow",21.5984239959717,0.526588124207957,0,"ALE","RF"
763,"TD","workflow",21.6445824623108,0.526497384638346,0,"ALE","RF"
764,"TD","workflow",21.6862027740479,0.526361805051575,0,"ALE","RF"
765,"TD","workflow",21.724975528717,0.526759913138658,0,"ALE","RF"
766,"TD","workflow",21.7695259857178,0.52696221266701,0,"ALE","RF"
767,"TD","workflow",21.8097523117065,0.52674881220165,0,"ALE","RF"
768,"TD","workflow",21.856339263916,0.526592035285925,0,"ALE","RF"
769,"TD","workflow",21.8928700447083,0.526399210285134,0,"ALE","RF"
770,"TD","workflow",21.9349461364746,0.526539235532181,0,"ALE","RF"
771,"TD","workflow",21.9862415122986,0.526791230298443,0,"ALE","RF"
772,"TD","workflow",22.0310270690918,0.526279390450607,0,"ALE","RF"
773,"TD","workflow",22.0821544647217,0.526398844127816,0,"ALE","RF"
774,"TD","workflow",22.1319946289062,0.525749090794314,0,"ALE","RF"
775,"TD","workflow",22.18362865448,0.525482761807208,0,"ALE","RF"
776,"TD","workflow",22.2328074645996,0.524900296241904,0,"ALE","RF"
777,"TD","workflow",22.2720763206482,0.524605422220587,0,"ALE","RF"
778,"TD","workflow",22.3208700180054,0.524288594496263,0,"ALE","RF"
779,"TD","workflow",22.3628028297424,0.524221160078554,0,"ALE","RF"
780,"TD","workflow",22.4075793457031,0.524288018424676,0,"ALE","RF"
781,"TD","workflow",22.4438223266602,0.52407812257273,0,"ALE","RF"
782,"TD","workflow",22.4935954284668,0.522988353199256,0,"ALE","RF"
783,"TD","workflow",22.538076877594,0.52217317092462,0,"ALE","RF"
784,"TD","workflow",22.58577003479,0.520977836370766,0,"ALE","RF"
785,"TD","workflow",22.6468145370483,0.520005442125023,0,"ALE","RF"
786,"TD","workflow",22.7062758636475,0.519219912919367,0,"ALE","RF"
787,"TD","workflow",22.7632689285278,0.518720393521216,0,"ALE","RF"
788,"TD","workflow",22.8222503662109,0.51842777434589,0,"ALE","RF"
789,"TD","workflow",22.8939169311523,0.518069123765575,0,"ALE","RF"
790,"TD","workflow",22.9629053878784,0.517541237019338,0,"ALE","RF"
791,"TD","workflow",23.015863609314,0.517233719432702,0,"ALE","RF"
792,"TD","workflow",23.0746572875977,0.516026247924529,0,"ALE","RF"
793,"TD","workflow",23.1481587409973,0.513651796904212,0,"ALE","RF"
794,"TD","workflow",23.2038186264038,0.511897464799303,0,"ALE","RF"
795,"TD","workflow",23.2867177963257,0.507836348736401,0,"ALE","RF"
796,"TD","workflow",23.3753944396973,0.503559703377626,0,"ALE","RF"
797,"TD","workflow",23.4581906318665,0.494987144631132,0,"ALE","RF"
798,"TD","workflow",23.5490123748779,0.472480234883782,0,"ALE","RF"
799,"TD","workflow",23.6551487541199,0.463413297444426,0,"ALE","RF"
800,"TD","workflow",23.7796415710449,0.456752477594097,0,"ALE","RF"
801,"TD","workflow",23.9107612609863,0.447097341343125,0,"ALE","RF"
802,"TD","workflow",24.0692623901367,0.449300523150918,0,"ALE","RF"
803,"TD","workflow",24.220043182373,0.447770150627331,0,"ALE","RF"
804,"TD","workflow",24.3676809692383,0.443828560042268,0,"ALE","RF"
805,"TD","workflow",24.5652444076538,0.438042631286601,0,"ALE","RF"
806,"TD","workflow",24.8746865844727,0.434291528554823,0,"ALE","RF"
807,"TD","workflow",25.2220314788818,0.438692621073199,0,"ALE","RF"
808,"TD","workflow",28.2092189788818,0.4689239814588,0,"ALE","RF"
809,"thetas","workflow",0.393067896366119,0.472096590886134,0,"ALE","RF"
810,"thetas","workflow",0.464395098686218,0.481367094423953,0,"ALE","RF"
811,"thetas","workflow",0.471372151970863,0.480777561611744,0,"ALE","RF"
812,"thetas","workflow",0.476400042772293,0.480143303798495,0,"ALE","RF"
813,"thetas","workflow",0.478640878200531,0.479284588325529,0,"ALE","RF"
814,"thetas","workflow",0.480819065868855,0.480159879091405,0,"ALE","RF"
815,"thetas","workflow",0.482928047180176,0.48106398390647,0,"ALE","RF"
816,"thetas","workflow",0.484543404877186,0.481301143651184,0,"ALE","RF"
817,"thetas","workflow",0.486342928409576,0.482087552153853,0,"ALE","RF"
818,"thetas","workflow",0.488017465472221,0.483256952761304,0,"ALE","RF"
819,"thetas","workflow",0.489362925291061,0.483440145566338,0,"ALE","RF"
820,"thetas","workflow",0.49073415607214,0.482878955759626,0,"ALE","RF"
821,"thetas","workflow",0.491936881542206,0.482984637363725,0,"ALE","RF"
822,"thetas","workflow",0.49310144931078,0.482862250960175,0,"ALE","RF"
823,"thetas","workflow",0.494068042039871,0.482811286265107,0,"ALE","RF"
824,"thetas","workflow",0.494982446730137,0.483606663255516,0,"ALE","RF"
825,"thetas","workflow",0.496075937747955,0.484687043704217,0,"ALE","RF"
826,"thetas","workflow",0.49718473315239,0.485723830175674,0,"ALE","RF"
827,"thetas","workflow",0.49828323662281,0.485612579347716,0,"ALE","RF"
828,"thetas","workflow",0.499100624322891,0.486559186145695,0,"ALE","RF"
829,"thetas","workflow",0.500065124034882,0.485936421714346,0,"ALE","RF"
830,"thetas","workflow",0.501084948778152,0.485442433825453,0,"ALE","RF"
831,"thetas","workflow",0.502043564319611,0.48428102225156,0,"ALE","RF"
832,"thetas","workflow",0.502558093070984,0.484054965802081,0,"ALE","RF"
833,"thetas","workflow",0.503461520671844,0.484502241495334,0,"ALE","RF"
834,"thetas","workflow",0.504280775785446,0.484210525180524,0,"ALE","RF"
835,"thetas","workflow",0.505336213111877,0.484482693330011,0,"ALE","RF"
836,"thetas","workflow",0.506383110880852,0.48562499949694,0,"ALE","RF"
837,"thetas","workflow",0.507465991973877,0.485043051765504,0,"ALE","RF"
838,"thetas","workflow",0.508228104114532,0.485450064023242,0,"ALE","RF"
839,"thetas","workflow",0.509005862474442,0.487078497150797,0,"ALE","RF"
840,"thetas","workflow",0.509831294417381,0.487200464278219,0,"ALE","RF"
841,"thetas","workflow",0.510530543327331,0.487148251536228,0,"ALE","RF"
842,"thetas","workflow",0.511265920996666,0.486423122996068,0,"ALE","RF"
843,"thetas","workflow",0.511856182813644,0.487329490949406,0,"ALE","RF"
844,"thetas","workflow",0.512525472044945,0.488243819802714,0,"ALE","RF"
845,"thetas","workflow",0.513162786960602,0.489558722662561,0,"ALE","RF"
846,"thetas","workflow",0.513741085529327,0.492420986974848,0,"ALE","RF"
847,"thetas","workflow",0.514452991485596,0.490339301707738,0,"ALE","RF"
848,"thetas","workflow",0.515008125305176,0.49849410272508,0,"ALE","RF"
849,"thetas","workflow",0.515574109554291,0.502286716545774,0,"ALE","RF"
850,"thetas","workflow",0.516116309762001,0.50272119749745,0,"ALE","RF"
851,"thetas","workflow",0.516695722341537,0.503662853294182,0,"ALE","RF"
852,"thetas","workflow",0.517218412160873,0.504218144606365,0,"ALE","RF"
853,"thetas","workflow",0.517739503383637,0.505670039637774,0,"ALE","RF"
854,"thetas","workflow",0.518239104747772,0.505861596960278,0,"ALE","RF"
855,"thetas","workflow",0.518652844429016,0.505919338079109,0,"ALE","RF"
856,"thetas","workflow",0.519102519154549,0.506485261387102,0,"ALE","RF"
857,"thetas","workflow",0.519461936950684,0.506791409364313,0,"ALE","RF"
858,"thetas","workflow",0.519873896241188,0.50691603268512,0,"ALE","RF"
859,"thetas","workflow",0.520374178886414,0.507670821542987,0,"ALE","RF"
860,"thetas","workflow",0.52085529923439,0.508492370902408,0,"ALE","RF"
861,"thetas","workflow",0.521333487033844,0.508639722424471,0,"ALE","RF"
862,"thetas","workflow",0.521759390830994,0.508900590287212,0,"ALE","RF"
863,"thetas","workflow",0.522253239154816,0.509042785652264,0,"ALE","RF"
864,"thetas","workflow",0.522832840681076,0.509706304087393,0,"ALE","RF"
865,"thetas","workflow",0.523410675525665,0.509595482691461,0,"ALE","RF"
866,"thetas","workflow",0.523951849341393,0.509214290447858,0,"ALE","RF"
867,"thetas","workflow",0.524592671394348,0.510099603733329,0,"ALE","RF"
868,"thetas","workflow",0.525244131088257,0.510620369676191,0,"ALE","RF"
869,"thetas","workflow",0.525889790058136,0.512017724328726,0,"ALE","RF"
870,"thetas","workflow",0.526545784473419,0.513723216057937,0,"ALE","RF"
871,"thetas","workflow",0.527150670289993,0.513681457396485,0,"ALE","RF"
872,"thetas","workflow",0.527785362005234,0.513867768337662,0,"ALE","RF"
873,"thetas","workflow",0.528357064723968,0.513538017224519,0,"ALE","RF"
874,"thetas","workflow",0.529040822386742,0.515618322900651,0,"ALE","RF"
875,"thetas","workflow",0.529638460874557,0.516238068968079,0,"ALE","RF"
876,"thetas","workflow",0.530373032689095,0.515949325855401,0,"ALE","RF"
877,"thetas","workflow",0.531085178852081,0.517775632352693,0,"ALE","RF"
878,"thetas","workflow",0.531720567941666,0.519339248547509,0,"ALE","RF"
879,"thetas","workflow",0.532343465089798,0.518936273460571,0,"ALE","RF"
880,"thetas","workflow",0.532994085550308,0.519833696714471,0,"ALE","RF"
881,"thetas","workflow",0.533873782157898,0.520433954113863,0,"ALE","RF"
882,"thetas","workflow",0.534579967856407,0.521212611274311,0,"ALE","RF"
883,"thetas","workflow",0.535388894081116,0.521801705922545,0,"ALE","RF"
884,"thetas","workflow",0.536291867494583,0.522367802523455,0,"ALE","RF"
885,"thetas","workflow",0.537086789608002,0.523185205467461,0,"ALE","RF"
886,"thetas","workflow",0.537879178524017,0.523511934151725,0,"ALE","RF"
887,"thetas","workflow",0.538852044343948,0.523153566465469,0,"ALE","RF"
888,"thetas","workflow",0.539818264842033,0.524381330490818,0,"ALE","RF"
889,"thetas","workflow",0.540655100345612,0.523752112488408,0,"ALE","RF"
890,"thetas","workflow",0.541510138511658,0.523253586635252,0,"ALE","RF"
891,"thetas","workflow",0.542548160552978,0.523217339054695,0,"ALE","RF"
892,"thetas","workflow",0.543500842452049,0.523522450192716,0,"ALE","RF"
893,"thetas","workflow",0.544679663181305,0.524181754870875,0,"ALE","RF"
894,"thetas","workflow",0.545821803808212,0.524326685235878,0,"ALE","RF"
895,"thetas","workflow",0.546929502487183,0.524416453988097,0,"ALE","RF"
896,"thetas","workflow",0.548410366177559,0.523782079340076,0,"ALE","RF"
897,"thetas","workflow",0.54969322681427,0.523886839663569,0,"ALE","RF"
898,"thetas","workflow",0.551109853982925,0.524327516952942,0,"ALE","RF"
899,"thetas","workflow",0.55294326543808,0.525184968286026,0,"ALE","RF"
900,"thetas","workflow",0.554414529800415,0.525154257063998,0,"ALE","RF"
901,"thetas","workflow",0.55579892873764,0.524571767179371,0,"ALE","RF"
902,"thetas","workflow",0.557683835029602,0.523042097661352,0,"ALE","RF"
903,"thetas","workflow",0.560037161111832,0.522327122484281,0,"ALE","RF"
904,"thetas","workflow",0.562900641560555,0.521387197834667,0,"ALE","RF"
905,"thetas","workflow",0.565468802452087,0.519343681983513,0,"ALE","RF"
906,"thetas","workflow",0.568021140694618,0.517911269121069,0,"ALE","RF"
907,"thetas","workflow",0.572109525203705,0.514743491625232,0,"ALE","RF"
908,"thetas","workflow",0.579998794794083,0.511795792335435,0,"ALE","RF"
909,"thetas","workflow",0.634861648082733,0.508475098984174,0,"ALE","RF"
910,"TPI3","workflow",-5.43369436264038,0.57621832714972,0,"ALE","RF"
911,"TPI3","workflow",-1.91658446073532,0.58188512928383,0,"ALE","RF"
912,"TPI3","workflow",-1.61589391231537,0.586763276444032,0,"ALE","RF"
913,"TPI3","workflow",-1.44672192454338,0.585340620409405,0,"ALE","RF"
914,"TPI3","workflow",-1.29872978687286,0.582552980717185,0,"ALE","RF"
915,"TPI3","workflow",-1.18044658899307,0.576320680126991,0,"ALE","RF"
916,"TPI3","workflow",-1.08600077152252,0.573113538889341,0,"ALE","RF"
917,"TPI3","workflow",-1.00956451416016,0.568521817154186,0,"ALE","RF"
918,"TPI3","workflow",-0.94468939781189,0.566743015951279,0,"ALE","RF"
919,"TPI3","workflow",-0.890528898239136,0.56373651026825,0,"ALE","RF"
920,"TPI3","workflow",-0.834142971038818,0.558966366933499,0,"ALE","RF"
921,"TPI3","workflow",-0.781908268928528,0.556743202716707,0,"ALE","RF"
922,"TPI3","workflow",-0.742593579292297,0.554204093631956,0,"ALE","RF"
923,"TPI3","workflow",-0.698036684393883,0.550272445341528,0,"ALE","RF"
924,"TPI3","workflow",-0.658728866577148,0.547258548144066,0,"ALE","RF"
925,"TPI3","workflow",-0.62536304295063,0.546332170970374,0,"ALE","RF"
926,"TPI3","workflow",-0.593869454860687,0.542814430386679,0,"ALE","RF"
927,"TPI3","workflow",-0.565843284726143,0.541786148699055,0,"ALE","RF"
928,"TPI3","workflow",-0.539521930217743,0.541057500520127,0,"ALE","RF"
929,"TPI3","workflow",-0.512784522771835,0.540053916954346,0,"ALE","RF"
930,"TPI3","workflow",-0.48725693821907,0.537588269278197,0,"ALE","RF"
931,"TPI3","workflow",-0.464983150959015,0.536502766869525,0,"ALE","RF"
932,"TPI3","workflow",-0.443606460094452,0.535483065111518,0,"ALE","RF"
933,"TPI3","workflow",-0.419760066270828,0.534966363392502,0,"ALE","RF"
934,"TPI3","workflow",-0.396233017444611,0.532443212642686,0,"ALE","RF"
935,"TPI3","workflow",-0.375978618860245,0.528647152246936,0,"ALE","RF"
936,"TPI3","workflow",-0.359759996533394,0.527872358751851,0,"ALE","RF"
937,"TPI3","workflow",-0.342401838302612,0.526157472715734,0,"ALE","RF"
938,"TPI3","workflow",-0.322645610570908,0.522249247173886,0,"ALE","RF"
939,"TPI3","workflow",-0.303194184005261,0.520525921723008,0,"ALE","RF"
940,"TPI3","workflow",-0.281960880756378,0.518815238356598,0,"ALE","RF"
941,"TPI3","workflow",-0.265255124866962,0.517783752704435,0,"ALE","RF"
942,"TPI3","workflow",-0.251814068555832,0.515801189438762,0,"ALE","RF"
943,"TPI3","workflow",-0.238374421745539,0.514501568774829,0,"ALE","RF"
944,"TPI3","workflow",-0.224403917491436,0.511076774188642,0,"ALE","RF"
945,"TPI3","workflow",-0.212034795433283,0.510189357442341,0,"ALE","RF"
946,"TPI3","workflow",-0.197828943133354,0.507909576891548,0,"ALE","RF"
947,"TPI3","workflow",-0.183555838167667,0.507597214853529,0,"ALE","RF"
948,"TPI3","workflow",-0.17079906642437,0.506407001950616,0,"ALE","RF"
949,"TPI3","workflow",-0.159341277629137,0.504940728332402,0,"ALE","RF"
950,"TPI3","workflow",-0.146815350651741,0.502447743474217,0,"ALE","RF"
951,"TPI3","workflow",-0.133593350797892,0.500908281228314,0,"ALE","RF"
952,"TPI3","workflow",-0.121610312461853,0.497611349765498,0,"ALE","RF"
953,"TPI3","workflow",-0.11003217048943,0.49529770884231,0,"ALE","RF"
954,"TPI3","workflow",-0.0977603790163993,0.495350434751949,0,"ALE","RF"
955,"TPI3","workflow",-0.0862362492829561,0.49568187591889,0,"ALE","RF"
956,"TPI3","workflow",-0.0778866848349571,0.495276204346123,0,"ALE","RF"
957,"TPI3","workflow",-0.0686601933091879,0.493997728539141,0,"ALE","RF"
958,"TPI3","workflow",-0.059715550839901,0.493056968965256,0,"ALE","RF"
959,"TPI3","workflow",-0.0492229867726564,0.490193278800769,0,"ALE","RF"
960,"TPI3","workflow",-0.0388218760490417,0.48885171125196,0,"ALE","RF"
961,"TPI3","workflow",-0.0285610719770193,0.488102861705974,0,"ALE","RF"
962,"TPI3","workflow",-0.0203429939597845,0.487163890720305,0,"ALE","RF"
963,"TPI3","workflow",-0.0119939179904759,0.485918545714884,0,"ALE","RF"
964,"TPI3","workflow",-0.00375333354342729,0.486010445092906,0,"ALE","RF"
965,"TPI3","workflow",0.00388702827040109,0.485057261936057,0,"ALE","RF"
966,"TPI3","workflow",0.0135838206484914,0.483646659910239,0,"ALE","RF"
967,"TPI3","workflow",0.0238374663889409,0.483033562778681,0,"ALE","RF"
968,"TPI3","workflow",0.0341791290044784,0.482838848033208,0,"ALE","RF"
969,"TPI3","workflow",0.0435154999047518,0.48249487840919,0,"ALE","RF"
970,"TPI3","workflow",0.0529094398021697,0.482671594036931,0,"ALE","RF"
971,"TPI3","workflow",0.0654131757467985,0.482783160716585,0,"ALE","RF"
972,"TPI3","workflow",0.0780635924637318,0.48292412681108,0,"ALE","RF"
973,"TPI3","workflow",0.0897586502879858,0.482533325390008,0,"ALE","RF"
974,"TPI3","workflow",0.105759460628033,0.482515109236872,0,"ALE","RF"
975,"TPI3","workflow",0.120074500143528,0.482484234412933,0,"ALE","RF"
976,"TPI3","workflow",0.133438796401024,0.481965048394587,0,"ALE","RF"
977,"TPI3","workflow",0.149208298176527,0.48106945437826,0,"ALE","RF"
978,"TPI3","workflow",0.165298010706902,0.480492246828711,0,"ALE","RF"
979,"TPI3","workflow",0.180243723541498,0.48017750983171,0,"ALE","RF"
980,"TPI3","workflow",0.196582618355751,0.479919415953883,0,"ALE","RF"
981,"TPI3","workflow",0.212279142290354,0.479986032109327,0,"ALE","RF"
982,"TPI3","workflow",0.228578853607178,0.478925390701097,0,"ALE","RF"
983,"TPI3","workflow",0.246287080347538,0.477714302589414,0,"ALE","RF"
984,"TPI3","workflow",0.26648091673851,0.47667916448486,0,"ALE","RF"
985,"TPI3","workflow",0.285813085734844,0.475691944039027,0,"ALE","RF"
986,"TPI3","workflow",0.310533282756805,0.474192188085292,0,"ALE","RF"
987,"TPI3","workflow",0.32911674797535,0.474657597224589,0,"ALE","RF"
988,"TPI3","workflow",0.351793715357781,0.47438245745368,0,"ALE","RF"
989,"TPI3","workflow",0.376526732444763,0.474388270325874,0,"ALE","RF"
990,"TPI3","workflow",0.401947551965714,0.473941550869248,0,"ALE","RF"
991,"TPI3","workflow",0.430043810904027,0.473636177256435,0,"ALE","RF"
992,"TPI3","workflow",0.459688159823418,0.473658430909209,0,"ALE","RF"
993,"TPI3","workflow",0.485947405993938,0.473403072955023,0,"ALE","RF"
994,"TPI3","workflow",0.522578361034393,0.473268626534966,0,"ALE","RF"
995,"TPI3","workflow",0.553713622689247,0.472807454697519,0,"ALE","RF"
996,"TPI3","workflow",0.589236054420471,0.472299860193334,0,"ALE","RF"
997,"TPI3","workflow",0.635970839858054,0.47198175864579,0,"ALE","RF"
998,"TPI3","workflow",0.677858760356904,0.471804581243857,0,"ALE","RF"
999,"TPI3","workflow",0.724187902212143,0.470943023338543,0,"ALE","RF"
1000,"TPI3","workflow",0.771403211355209,0.470217786303341,0,"ALE","RF"
1001,"TPI3","workflow",0.839877769351006,0.468258035978595,0,"ALE","RF"
1002,"TPI3","workflow",0.909221711158752,0.468272424048734,0,"ALE","RF"
1003,"TPI3","workflow",0.97343213558197,0.466548422688962,0,"ALE","RF"
1004,"TPI3","workflow",1.04490432500839,0.466009140432081,0,"ALE","RF"
1005,"TPI3","workflow",1.13801998496056,0.465257830078344,0,"ALE","RF"
1006,"TPI3","workflow",1.24773401737213,0.464324182777371,0,"ALE","RF"
1007,"TPI3","workflow",1.41111633777618,0.461217859730289,0,"ALE","RF"
1008,"TPI3","workflow",1.61537159442902,0.456132960848753,0,"ALE","RF"
1009,"TPI3","workflow",2.0163326215744,0.450159263745567,0,"ALE","RF"
1010,"TPI3","workflow",4.72865867614746,0.43027755586288,0,"ALE","RF"
1,"ADI","workflow",0.00969039089977741,1.43849613788438e-05,0,"ALE","GAM"
2,"ADI","workflow",0.0183771007880568,0.110699161391857,0,"ALE","GAM"
3,"ADI","workflow",0.0205370556935668,0.16292395862614,0,"ALE","GAM"
4,"ADI","workflow",0.022386764921248,0.215386458621673,0,"ALE","GAM"
5,"ADI","workflow",0.0239912699908018,0.265166306918314,0,"ALE","GAM"
6,"ADI","workflow",0.02539864750579,0.310648791448872,0,"ALE","GAM"
7,"ADI","workflow",0.0262681576982141,0.338990116153581,0,"ALE","GAM"
8,"ADI","workflow",0.0272374148480594,0.370329010786846,0,"ALE","GAM"
9,"ADI","workflow",0.0283303616940975,0.404851145499589,0,"ALE","GAM"
10,"ADI","workflow",0.0292411207966506,0.432599441593067,0,"ALE","GAM"
11,"ADI","workflow",0.030353862605989,0.464853902293221,0,"ALE","GAM"
12,"ADI","workflow",0.0314153183251619,0.493632538390481,0,"ALE","GAM"
13,"ADI","workflow",0.0322051365673542,0.513651331271563,0,"ALE","GAM"
14,"ADI","workflow",0.0329477099701762,0.531325273467435,0,"ALE","GAM"
15,"ADI","workflow",0.0338977329432964,0.552270272999779,0,"ALE","GAM"
16,"ADI","workflow",0.0347594160586596,0.569635131312214,0,"ALE","GAM"
17,"ADI","workflow",0.0356106719374657,0.585274168246797,0,"ALE","GAM"
18,"ADI","workflow",0.0363714057952166,0.597997207776778,0,"ALE","GAM"
19,"ADI","workflow",0.0371970846503973,0.610502206980734,0,"ALE","GAM"
20,"ADI","workflow",0.0379790010303259,0.621133044589061,0,"ALE","GAM"
21,"ADI","workflow",0.0386902086436749,0.629817663019591,0,"ALE","GAM"
22,"ADI","workflow",0.0393472410365939,0.637040559158797,0,"ALE","GAM"
23,"ADI","workflow",0.04007896438241,0.644219855747083,0,"ALE","GAM"
24,"ADI","workflow",0.0408856480941176,0.65113029292722,0,"ALE","GAM"
25,"ADI","workflow",0.0415062360465527,0.655765312642458,0,"ALE","GAM"
26,"ADI","workflow",0.0422016698867083,0.660291663597535,0,"ALE","GAM"
27,"ADI","workflow",0.0429659657180309,0.664493490468675,0,"ALE","GAM"
28,"ADI","workflow",0.0436067756637931,0.667424708665289,0,"ALE","GAM"
29,"ADI","workflow",0.0443707580864429,0.670251718464132,0,"ALE","GAM"
30,"ADI","workflow",0.0449994681403041,0.67206002884319,0,"ALE","GAM"
31,"ADI","workflow",0.0456202123314142,0.673408542461633,0,"ALE","GAM"
32,"ADI","workflow",0.046318980269134,0.674430649758015,0,"ALE","GAM"
33,"ADI","workflow",0.0469816148281097,0.674936408568653,0,"ALE","GAM"
34,"ADI","workflow",0.047732318751514,0.674989744649984,0,"ALE","GAM"
35,"ADI","workflow",0.0484194055944681,0.67457661769796,0,"ALE","GAM"
36,"ADI","workflow",0.0491799302399158,0.673628351244,0,"ALE","GAM"
37,"ADI","workflow",0.0500297150015831,0.671987416703436,0,"ALE","GAM"
38,"ADI","workflow",0.05074119836092,0.670164151702782,0,"ALE","GAM"
39,"ADI","workflow",0.0514011982083321,0.66812343112599,0,"ALE","GAM"
40,"ADI","workflow",0.0521930233761668,0.665251575843484,0,"ALE","GAM"
41,"ADI","workflow",0.0528251349925995,0.662642979116256,0,"ALE","GAM"
42,"ADI","workflow",0.0535098619759083,0.65951619542462,0,"ALE","GAM"
43,"ADI","workflow",0.054130263403058,0.656426225880296,0,"ALE","GAM"
44,"ADI","workflow",0.0547615427151322,0.653044727068649,0,"ALE","GAM"
45,"ADI","workflow",0.0553405018150806,0.649744844738467,0,"ALE","GAM"
46,"ADI","workflow",0.0560396043583751,0.645523010373017,0,"ALE","GAM"
47,"ADI","workflow",0.0567577923834324,0.640936336762097,0,"ALE","GAM"
48,"ADI","workflow",0.05757956802845,0.63540756868632,0,"ALE","GAM"
49,"ADI","workflow",0.0583162644505501,0.630226030355833,0,"ALE","GAM"
50,"ADI","workflow",0.0589698174595833,0.625474438131543,0,"ALE","GAM"
51,"ADI","workflow",0.0596048198640347,0.620738141625391,0,"ALE","GAM"
52,"ADI","workflow",0.0602253698185086,0.6160141197543,0,"ALE","GAM"
53,"ADI","workflow",0.060954627096653,0.610366133810677,0,"ALE","GAM"
54,"ADI","workflow",0.0616347666457295,0.605029274512445,0,"ALE","GAM"
55,"ADI","workflow",0.0621507753431797,0.600950429143105,0,"ALE","GAM"
56,"ADI","workflow",0.0628547411412001,0.595363356559902,0,"ALE","GAM"
57,"ADI","workflow",0.063528693318367,0.590010769945373,0,"ALE","GAM"
58,"ADI","workflow",0.0642569706588983,0.584246177580814,0,"ALE","GAM"
59,"ADI","workflow",0.0650855654478073,0.577741165012714,0,"ALE","GAM"
60,"ADI","workflow",0.0658782079070807,0.571598379120417,0,"ALE","GAM"
61,"ADI","workflow",0.0666819587349892,0.565471294535588,0,"ALE","GAM"
62,"ADI","workflow",0.0674295794218779,0.559878294220022,0,"ALE","GAM"
63,"ADI","workflow",0.0681923447549343,0.554286674977002,0,"ALE","GAM"
64,"ADI","workflow",0.0689014473557472,0.549196699919104,0,"ALE","GAM"
65,"ADI","workflow",0.0697022804617882,0.54357380509788,0,"ALE","GAM"
66,"ADI","workflow",0.0705546077340841,0.537728397649835,0,"ALE","GAM"
67,"ADI","workflow",0.0713651461899281,0.532289405345998,0,"ALE","GAM"
68,"ADI","workflow",0.0723033694922924,0.526113763178993,0,"ALE","GAM"
69,"ADI","workflow",0.0732017496228218,0.520286804087442,0,"ALE","GAM"
70,"ADI","workflow",0.0740051883459091,0.515114704144878,0,"ALE","GAM"
71,"ADI","workflow",0.0749609343707562,0.508965306885152,0,"ALE","GAM"
72,"ADI","workflow",0.075678938254714,0.504314837329478,0,"ALE","GAM"
73,"ADI","workflow",0.0767002490162849,0.497599838510412,0,"ALE","GAM"
74,"ADI","workflow",0.0777170298993587,0.490730715003104,0,"ALE","GAM"
75,"ADI","workflow",0.0786600898206234,0.484132717763836,0,"ALE","GAM"
76,"ADI","workflow",0.0796907916665077,0.476607752621431,0,"ALE","GAM"
77,"ADI","workflow",0.0807214131951332,0.468696395575597,0,"ALE","GAM"
78,"ADI","workflow",0.0816954082995653,0.460818498761018,0,"ALE","GAM"
79,"ADI","workflow",0.0828165698051453,0.451225564645646,0,"ALE","GAM"
80,"ADI","workflow",0.0838607636094093,0.441760360305039,0,"ALE","GAM"
81,"ADI","workflow",0.0850482374429703,0.430367433128296,0,"ALE","GAM"
82,"ADI","workflow",0.0863449271023273,0.41718935295673,0,"ALE","GAM"
83,"ADI","workflow",0.0874088442325592,0.40584834106853,0,"ALE","GAM"
84,"ADI","workflow",0.0887411597371102,0.391079727441293,0,"ALE","GAM"
85,"ADI","workflow",0.0900161826610565,0.376491704118031,0,"ALE","GAM"
86,"ADI","workflow",0.0911535490304232,0.363234289534868,0,"ALE","GAM"
87,"ADI","workflow",0.0926308637857437,0.345896592266316,0,"ALE","GAM"
88,"ADI","workflow",0.0940035497397184,0.329913414140119,0,"ALE","GAM"
89,"ADI","workflow",0.0957906427979469,0.309730400171333,0,"ALE","GAM"
90,"ADI","workflow",0.0975028724968433,0.291486728653987,0,"ALE","GAM"
91,"ADI","workflow",0.0995522871613503,0.271600646257487,0,"ALE","GAM"
92,"ADI","workflow",0.101843785271049,0.252400430304607,0,"ALE","GAM"
93,"ADI","workflow",0.103779453635216,0.238912762668607,0,"ALE","GAM"
94,"ADI","workflow",0.105784412249923,0.227647698057622,0,"ALE","GAM"
95,"ADI","workflow",0.108223508298397,0.217510849287412,0,"ALE","GAM"
96,"ADI","workflow",0.111334616690874,0.209634124571791,0,"ALE","GAM"
97,"ADI","workflow",0.114925660192966,0.206326468709466,0,"ALE","GAM"
98,"ADI","workflow",0.119033448398113,0.20848082452784,0,"ALE","GAM"
99,"ADI","workflow",0.125083916187286,0.220092855814901,0,"ALE","GAM"
100,"ADI","workflow",0.134717088490725,0.253719244030196,0,"ALE","GAM"
101,"ADI","workflow",0.194418743252754,0.856895218359889,0,"ALE","GAM"
102,"clay","workflow",4.78574705123901,0.414819721182135,0,"ALE","GAM"
103,"clay","workflow",8.8725687122345,0.439965978664841,0,"ALE","GAM"
104,"clay","workflow",9.50403095245361,0.444191499107187,0,"ALE","GAM"
105,"clay","workflow",9.95711754798889,0.44742288889177,0,"ALE","GAM"
106,"clay","workflow",10.2918291091919,0.449951727174504,0,"ALE","GAM"
107,"clay","workflow",10.592195224762,0.452340873930687,0,"ALE","GAM"
108,"clay","workflow",10.8521835327148,0.454508538804203,0,"ALE","GAM"
109,"clay","workflow",11.1389297103882,0.457011335669112,0,"ALE","GAM"
110,"clay","workflow",11.3991525268555,0.459385769971394,0,"ALE","GAM"
111,"clay","workflow",11.6502867412567,0.461768993980693,0,"ALE","GAM"
112,"clay","workflow",11.8556845664978,0.463782690071806,0,"ALE","GAM"
113,"clay","workflow",12.0918058586121,0.466165367198618,0,"ALE","GAM"
114,"clay","workflow",12.2729047393799,0.468038702971016,0,"ALE","GAM"
115,"clay","workflow",12.4455301475525,0.469858329008003,0,"ALE","GAM"
116,"clay","workflow",12.6255758666992,0.471788132264174,0,"ALE","GAM"
117,"clay","workflow",12.7951908588409,0.473632673723931,0,"ALE","GAM"
118,"clay","workflow",12.9678665924072,0.475533410695673,0,"ALE","GAM"
119,"clay","workflow",13.1167421627045,0.477187940935265,0,"ALE","GAM"
120,"clay","workflow",13.3130128860474,0.479387066960008,0,"ALE","GAM"
121,"clay","workflow",13.5160030174255,0.481677133961671,0,"ALE","GAM"
122,"clay","workflow",13.6947483062744,0.483701584895138,0,"ALE","GAM"
123,"clay","workflow",13.8673497486114,0.485658786163764,0,"ALE","GAM"
124,"clay","workflow",14.0118550109863,0.487295933598937,0,"ALE","GAM"
125,"clay","workflow",14.1950583171844,0.489365165245421,0,"ALE","GAM"
126,"clay","workflow",14.3521335220337,0.491129882196317,0,"ALE","GAM"
127,"clay","workflow",14.5102746486664,0.492894051964254,0,"ALE","GAM"
128,"clay","workflow",14.6611651802063,0.494562297563485,0,"ALE","GAM"
129,"clay","workflow",14.8032030105591,0.496116326954428,0,"ALE","GAM"
130,"clay","workflow",14.9294102096558,0.497481624923226,0,"ALE","GAM"
131,"clay","workflow",15.0853464508057,0.499145328714137,0,"ALE","GAM"
132,"clay","workflow",15.2231711387634,0.500591742601004,0,"ALE","GAM"
133,"clay","workflow",15.3490769481659,0.501891077600396,0,"ALE","GAM"
134,"clay","workflow",15.4838998413086,0.503256853414722,0,"ALE","GAM"
135,"clay","workflow",15.600686416626,0.504416743795676,0,"ALE","GAM"
136,"clay","workflow",15.7097824287415,0.505479371844671,0,"ALE","GAM"
137,"clay","workflow",15.8074946880341,0.506412946722111,0,"ALE","GAM"
138,"clay","workflow",15.9206245040894,0.507471154590676,0,"ALE","GAM"
139,"clay","workflow",16.0172470474243,0.508354743302892,0,"ALE","GAM"
140,"clay","workflow",16.1237544250488,0.509306110137292,0,"ALE","GAM"
141,"clay","workflow",16.2400039100647,0.510316240491015,0,"ALE","GAM"
142,"clay","workflow",16.3446918487549,0.511199647700174,0,"ALE","GAM"
143,"clay","workflow",16.4431768608093,0.512007174268948,0,"ALE","GAM"
144,"clay","workflow",16.5481090927124,0.512841689610308,0,"ALE","GAM"
145,"clay","workflow",16.6270384597778,0.513451398600264,0,"ALE","GAM"
146,"clay","workflow",16.72077003479,0.514154929333371,0,"ALE","GAM"
147,"clay","workflow",16.8128336906433,0.514823872882628,0,"ALE","GAM"
148,"clay","workflow",16.9087184143066,0.515496948348373,0,"ALE","GAM"
149,"clay","workflow",16.9933626556397,0.516070831550223,0,"ALE","GAM"
150,"clay","workflow",17.0827439117432,0.516655981861134,0,"ALE","GAM"
151,"clay","workflow",17.1844807815552,0.517295793301526,0,"ALE","GAM"
152,"clay","workflow",17.2862911224365,0.517908044922125,0,"ALE","GAM"
153,"clay","workflow",17.3717978858948,0.518400614597893,0,"ALE","GAM"
154,"clay","workflow",17.4548503112793,0.518860199631932,0,"ALE","GAM"
155,"clay","workflow",17.5367932319641,0.519295575153056,0,"ALE","GAM"
156,"clay","workflow",17.6209579849243,0.519724287217434,0,"ALE","GAM"
157,"clay","workflow",17.7143934249878,0.520178654256138,0,"ALE","GAM"
158,"clay","workflow",17.7946842193604,0.520551324287516,0,"ALE","GAM"
159,"clay","workflow",17.8797360610962,0.520928575054848,0,"ALE","GAM"
160,"clay","workflow",17.954898109436,0.521247334566885,0,"ALE","GAM"
161,"clay","workflow",18.0326096916199,0.521562894333921,0,"ALE","GAM"
162,"clay","workflow",18.1006061553955,0.52182768375485,0,"ALE","GAM"
163,"clay","workflow",18.1834199905395,0.522136417711474,0,"ALE","GAM"
164,"clay","workflow",18.2627898406982,0.522418720033021,0,"ALE","GAM"
165,"clay","workflow",18.3522092437744,0.522721616492386,0,"ALE","GAM"
166,"clay","workflow",18.4360974121094,0.52299198558693,0,"ALE","GAM"
167,"clay","workflow",18.5222367286682,0.523256586223167,0,"ALE","GAM"
168,"clay","workflow",18.5863591384888,0.523445527692903,0,"ALE","GAM"
169,"clay","workflow",18.6542185020447,0.523638493172677,0,"ALE","GAM"
170,"clay","workflow",18.7368740081787,0.523864488025463,0,"ALE","GAM"
171,"clay","workflow",18.8172067832947,0.52407536695916,0,"ALE","GAM"
172,"clay","workflow",18.9035930633545,0.524293384995338,0,"ALE","GAM"
173,"clay","workflow",18.9825932693481,0.524485612106848,0,"ALE","GAM"
174,"clay","workflow",19.077174987793,0.524707787704784,0,"ALE","GAM"
175,"clay","workflow",19.1693369293213,0.524916996108619,0,"ALE","GAM"
176,"clay","workflow",19.2714611434937,0.525141690373452,0,"ALE","GAM"
177,"clay","workflow",19.367582321167,0.525347482228741,0,"ALE","GAM"
178,"clay","workflow",19.4851114654541,0.525593127083378,0,"ALE","GAM"
179,"clay","workflow",19.5753763389587,0.525778317855677,0,"ALE","GAM"
180,"clay","workflow",19.6857120513916,0.526001677573228,0,"ALE","GAM"
181,"clay","workflow",19.810229473114,0.526251051625495,0,"ALE","GAM"
182,"clay","workflow",19.9455940246582,0.52652032120997,0,"ALE","GAM"
183,"clay","workflow",20.0759379577637,0.526778881611567,0,"ALE","GAM"
184,"clay","workflow",20.2483055877686,0.527120816136317,0,"ALE","GAM"
185,"clay","workflow",20.4167504501343,0.527455551302743,0,"ALE","GAM"
186,"clay","workflow",20.582693862915,0.527785594503028,0,"ALE","GAM"
187,"clay","workflow",20.8029266357422,0.528222375353842,0,"ALE","GAM"
188,"clay","workflow",21.0294248580933,0.52866637322071,0,"ALE","GAM"
189,"clay","workflow",21.2984251213074,0.529177075441766,0,"ALE","GAM"
190,"clay","workflow",21.5170510864258,0.529568319654853,0,"ALE","GAM"
191,"clay","workflow",21.8188255882263,0.530052381173695,0,"ALE","GAM"
192,"clay","workflow",22.1146818161011,0.53043681349217,0,"ALE","GAM"
193,"clay","workflow",22.4733054542541,0.530739130930275,0,"ALE","GAM"
194,"clay","workflow",22.7453710174561,0.530818415256922,0,"ALE","GAM"
195,"clay","workflow",22.964573173523,0.53077192680885,0,"ALE","GAM"
196,"clay","workflow",23.3768060684204,0.53038304068565,0,"ALE","GAM"
197,"clay","workflow",23.9327152252197,0.529170506363614,0,"ALE","GAM"
198,"clay","workflow",24.51465965271,0.527017507238926,0,"ALE","GAM"
199,"clay","workflow",25.3090152168274,0.522670625100288,0,"ALE","GAM"
200,"clay","workflow",26.2582009506226,0.515620430547333,0,"ALE","GAM"
201,"clay","workflow",29.1779920768738,0.487385152258203,0,"ALE","GAM"
202,"clay","workflow",50.8131561279297,0.344949511885032,0,"ALE","GAM"
203,"GSPDD5","workflow",71.5827255249023,0.112032034609337,0,"ALE","GAM"
204,"GSPDD5","workflow",166.059286193848,0.241079865640441,0,"ALE","GAM"
205,"GSPDD5","workflow",185.154791870117,0.273317617317526,0,"ALE","GAM"
206,"GSPDD5","workflow",197.284925079346,0.295054467112173,0,"ALE","GAM"
207,"GSPDD5","workflow",210.404430541992,0.319642041757581,0,"ALE","GAM"
208,"GSPDD5","workflow",220.827765655518,0.339798090682234,0,"ALE","GAM"
209,"GSPDD5","workflow",229.83603515625,0.357421940178767,0,"ALE","GAM"
210,"GSPDD5","workflow",237.314934082031,0.371992247932491,0,"ALE","GAM"
211,"GSPDD5","workflow",242.020034179688,0.38103740811392,0,"ALE","GAM"
212,"GSPDD5","workflow",245.809624786377,0.388208942005766,0,"ALE","GAM"
213,"GSPDD5","workflow",250.185479736328,0.396319096494034,0,"ALE","GAM"
214,"GSPDD5","workflow",254.79227722168,0.40460688350281,0,"ALE","GAM"
215,"GSPDD5","workflow",258.256970214844,0.410636568303716,0,"ALE","GAM"
216,"GSPDD5","workflow",262.455622253418,0.417671079185893,0,"ALE","GAM"
217,"GSPDD5","workflow",265.768195800781,0.422986252440981,0,"ALE","GAM"
218,"GSPDD5","workflow",269.334194946289,0.428453822865392,0,"ALE","GAM"
219,"GSPDD5","workflow",272.395909423828,0.432923009852083,0,"ALE","GAM"
220,"GSPDD5","workflow",276.043948669434,0.437959681227823,0,"ALE","GAM"
221,"GSPDD5","workflow",279.208982543945,0.442064275285634,0,"ALE","GAM"
222,"GSPDD5","workflow",282.461248779297,0.446016705370977,0,"ALE","GAM"
223,"GSPDD5","workflow",285.399554443359,0.449352991646094,0,"ALE","GAM"
224,"GSPDD5","workflow",288.39249206543,0.452522602809843,0,"ALE","GAM"
225,"GSPDD5","workflow",291.576193237305,0.455644549794256,0,"ALE","GAM"
226,"GSPDD5","workflow",294.361940612793,0.458170616569549,0,"ALE","GAM"
227,"GSPDD5","workflow",297.200133056641,0.460554104928442,0,"ALE","GAM"
228,"GSPDD5","workflow",300.392593383789,0.463017253988554,0,"ALE","GAM"
229,"GSPDD5","workflow",303.300503540039,0.465073922819354,0,"ALE","GAM"
230,"GSPDD5","workflow",306.91050201416,0.467401870772693,0,"ALE","GAM"
231,"GSPDD5","workflow",310.638109130859,0.4695747383644,0,"ALE","GAM"
232,"GSPDD5","workflow",313.620368652344,0.47116835741042,0,"ALE","GAM"
233,"GSPDD5","workflow",316.625946044922,0.472665781165373,0,"ALE","GAM"
234,"GSPDD5","workflow",320.015084228516,0.474249600847938,0,"ALE","GAM"
235,"GSPDD5","workflow",324.105432128906,0.476055167089411,0,"ALE","GAM"
236,"GSPDD5","workflow",327.108403015137,0.477336340210957,0,"ALE","GAM"
237,"GSPDD5","workflow",330.369183959961,0.478712116787066,0,"ALE","GAM"
238,"GSPDD5","workflow",333.893583679199,0.480210550759644,0,"ALE","GAM"
239,"GSPDD5","workflow",336.891717529297,0.481517807266434,0,"ALE","GAM"
240,"GSPDD5","workflow",340.660914916992,0.483233201746299,0,"ALE","GAM"
241,"GSPDD5","workflow",343.816217041016,0.48475331485571,0,"ALE","GAM"
242,"GSPDD5","workflow",347.152532653809,0.486464764158235,0,"ALE","GAM"
243,"GSPDD5","workflow",351.206060791016,0.488713791144175,0,"ALE","GAM"
244,"GSPDD5","workflow",355.292217102051,0.49119478225433,0,"ALE","GAM"
245,"GSPDD5","workflow",358.682922973633,0.493431747084074,0,"ALE","GAM"
246,"GSPDD5","workflow",362.098834533691,0.495857495995564,0,"ALE","GAM"
247,"GSPDD5","workflow",366.604248046875,0.499326605079302,0,"ALE","GAM"
248,"GSPDD5","workflow",370.806547546387,0.50283710712544,0,"ALE","GAM"
249,"GSPDD5","workflow",375.606906738281,0.507156875228174,0,"ALE","GAM"
250,"GSPDD5","workflow",378.427149658203,0.509838496343315,0,"ALE","GAM"
251,"GSPDD5","workflow",381.744660644531,0.513115690472588,0,"ALE","GAM"
252,"GSPDD5","workflow",385.743977966309,0.517219858551723,0,"ALE","GAM"
253,"GSPDD5","workflow",390.011596679688,0.521746527166896,0,"ALE","GAM"
254,"GSPDD5","workflow",394.468738708496,0.52658540540336,0,"ALE","GAM"
255,"GSPDD5","workflow",399.477747802734,0.532087909147873,0,"ALE","GAM"
256,"GSPDD5","workflow",403.382274780273,0.536372514413507,0,"ALE","GAM"
257,"GSPDD5","workflow",407.328701171875,0.540652459313342,0,"ALE","GAM"
258,"GSPDD5","workflow",411.78908996582,0.54537456126445,0,"ALE","GAM"
259,"GSPDD5","workflow",416.305678710938,0.549972025475325,0,"ALE","GAM"
260,"GSPDD5","workflow",420.286159667969,0.55382252128157,0,"ALE","GAM"
261,"GSPDD5","workflow",423.303497924805,0.556591023462003,0,"ALE","GAM"
262,"GSPDD5","workflow",426.876164550781,0.55967845970218,0,"ALE","GAM"
263,"GSPDD5","workflow",430.195080566406,0.562343524458339,0,"ALE","GAM"
264,"GSPDD5","workflow",433.33103302002,0.564667785944535,0,"ALE","GAM"
265,"GSPDD5","workflow",436.574775390625,0.566861759510523,0,"ALE","GAM"
266,"GSPDD5","workflow",439.524010925293,0.568662557706221,0,"ALE","GAM"
267,"GSPDD5","workflow",442.655444335938,0.570365348030335,0,"ALE","GAM"
268,"GSPDD5","workflow",445.960092163086,0.571923466217654,0,"ALE","GAM"
269,"GSPDD5","workflow",448.905354003906,0.573103039847399,0,"ALE","GAM"
270,"GSPDD5","workflow",451.759410400391,0.574058047195573,0,"ALE","GAM"
271,"GSPDD5","workflow",454.918795166016,0.574901443463963,0,"ALE","GAM"
272,"GSPDD5","workflow",458.140790100098,0.57553384923506,0,"ALE","GAM"
273,"GSPDD5","workflow",461.00791015625,0.575907619707541,0,"ALE","GAM"
274,"GSPDD5","workflow",464.066344299316,0.57611618685037,0,"ALE","GAM"
275,"GSPDD5","workflow",467.198067626953,0.576134190668198,0,"ALE","GAM"
276,"GSPDD5","workflow",470.969945068359,0.575906462265452,0,"ALE","GAM"
277,"GSPDD5","workflow",474.99983581543,0.575381972172808,0,"ALE","GAM"
278,"GSPDD5","workflow",478.498161315918,0.57470979240431,0,"ALE","GAM"
279,"GSPDD5","workflow",481.912438964844,0.57387658602019,0,"ALE","GAM"
280,"GSPDD5","workflow",485.727940063477,0.572758825139828,0,"ALE","GAM"
281,"GSPDD5","workflow",490.144392700195,0.571248811247786,0,"ALE","GAM"
282,"GSPDD5","workflow",494.520132446289,0.56955821394548,0,"ALE","GAM"
283,"GSPDD5","workflow",498.9349609375,0.567692252722673,0,"ALE","GAM"
284,"GSPDD5","workflow",503.906192626953,0.565442435012354,0,"ALE","GAM"
285,"GSPDD5","workflow",509.603117675781,0.562730887218972,0,"ALE","GAM"
286,"GSPDD5","workflow",517.207890625,0.559003966179001,0,"ALE","GAM"
287,"GSPDD5","workflow",523.294047851562,0.556026583115435,0,"ALE","GAM"
288,"GSPDD5","workflow",531.864126586914,0.551996366277625,0,"ALE","GAM"
289,"GSPDD5","workflow",540.324958496094,0.54836641982014,0,"ALE","GAM"
290,"GSPDD5","workflow",550.803831176758,0.544578116322126,0,"ALE","GAM"
291,"GSPDD5","workflow",562.651154785156,0.541503999316585,0,"ALE","GAM"
292,"GSPDD5","workflow",572.242364501953,0.540111562829608,0,"ALE","GAM"
293,"GSPDD5","workflow",585.879162597656,0.539994119061322,0,"ALE","GAM"
294,"GSPDD5","workflow",601.524039916992,0.542708485708992,0,"ALE","GAM"
295,"GSPDD5","workflow",620.082678222656,0.549956231189629,0,"ALE","GAM"
296,"GSPDD5","workflow",643.136369018555,0.564717201381146,0,"ALE","GAM"
297,"GSPDD5","workflow",665.837291259766,0.584392052431836,0,"ALE","GAM"
298,"GSPDD5","workflow",689.307070922852,0.608117748244539,0,"ALE","GAM"
299,"GSPDD5","workflow",708.648305664062,0.628410047834973,0,"ALE","GAM"
300,"GSPDD5","workflow",728.06185180664,0.647807056561417,0,"ALE","GAM"
301,"GSPDD5","workflow",750.72171875,0.667453511390886,0,"ALE","GAM"
302,"GSPDD5","workflow",779.650238037109,0.68602498797159,0,"ALE","GAM"
303,"GSPDD5","workflow",926.077819824219,0.700596224446442,0,"ALE","GAM"
304,"hli","workflow",0.286246061325073,0.286515958434488,0,"ALE","GAM"
305,"hli","workflow",0.459815021157265,0.525281482463999,0,"ALE","GAM"
306,"hli","workflow",0.50479213476181,0.544272808802788,0,"ALE","GAM"
307,"hli","workflow",0.530049207210541,0.546324687389079,0,"ALE","GAM"
308,"hli","workflow",0.550714917182922,0.547296180986841,0,"ALE","GAM"
309,"hli","workflow",0.568668654561043,0.549740684242397,0,"ALE","GAM"
310,"hli","workflow",0.582670012712479,0.553233965108364,0,"ALE","GAM"
311,"hli","workflow",0.595934845805168,0.557570037011224,0,"ALE","GAM"
312,"hli","workflow",0.606554083824158,0.561321059219281,0,"ALE","GAM"
313,"hli","workflow",0.616864804625511,0.564682074247703,0,"ALE","GAM"
314,"hli","workflow",0.625359916687012,0.566842619536782,0,"ALE","GAM"
315,"hli","workflow",0.633716262578964,0.568092832503641,0,"ALE","GAM"
316,"hli","workflow",0.641771018505096,0.56820888194445,0,"ALE","GAM"
317,"hli","workflow",0.647803907394409,0.56746968465015,0,"ALE","GAM"
318,"hli","workflow",0.654213999509811,0.565830031690273,0,"ALE","GAM"
319,"hli","workflow",0.660760399699211,0.563196572522954,0,"ALE","GAM"
320,"hli","workflow",0.667444069385529,0.559488163871773,0,"ALE","GAM"
321,"hli","workflow",0.673153174519539,0.555521586934122,0,"ALE","GAM"
322,"hli","workflow",0.678544783592224,0.551139369941632,0,"ALE","GAM"
323,"hli","workflow",0.682804396152496,0.547280262083962,0,"ALE","GAM"
324,"hli","workflow",0.687196183204651,0.542979477941387,0,"ALE","GAM"
325,"hli","workflow",0.691424707770347,0.538576178884211,0,"ALE","GAM"
326,"hli","workflow",0.695478327274323,0.534159747730808,0,"ALE","GAM"
327,"hli","workflow",0.699903017282486,0.529176737454978,0,"ALE","GAM"
328,"hli","workflow",0.703529646396637,0.525009246153932,0,"ALE","GAM"
329,"hli","workflow",0.707228511571884,0.52072139019154,0,"ALE","GAM"
330,"hli","workflow",0.71075722694397,0.516630197839747,0,"ALE","GAM"
331,"hli","workflow",0.714033842682838,0.512859499527046,0,"ALE","GAM"
332,"hli","workflow",0.7172749376297,0.509181656221655,0,"ALE","GAM"
333,"hli","workflow",0.721342148780823,0.504674832146884,0,"ALE","GAM"
334,"hli","workflow",0.72477417588234,0.50099434446959,0,"ALE","GAM"
335,"hli","workflow",0.727547610402107,0.498119052277303,0,"ALE","GAM"
336,"hli","workflow",0.730215902328491,0.4954475860124,0,"ALE","GAM"
337,"hli","workflow",0.732866585850716,0.492894911283688,0,"ALE","GAM"
338,"hli","workflow",0.735505678653717,0.490461570194897,0,"ALE","GAM"
339,"hli","workflow",0.73791084587574,0.488343831041132,0,"ALE","GAM"
340,"hli","workflow",0.740481288433075,0.48619130312853,0,"ALE","GAM"
341,"hli","workflow",0.742964081168175,0.484225225424521,0,"ALE","GAM"
342,"hli","workflow",0.745468852519989,0.48235800597395,0,"ALE","GAM"
343,"hli","workflow",0.74817448079586,0.48047558993676,0,"ALE","GAM"
344,"hli","workflow",0.750548541545868,0.478941101512296,0,"ALE","GAM"
345,"hli","workflow",0.752771124243736,0.477605065746203,0,"ALE","GAM"
346,"hli","workflow",0.755238165855408,0.47623680885958,0,"ALE","GAM"
347,"hli","workflow",0.75750083565712,0.475088453133348,0,"ALE","GAM"
348,"hli","workflow",0.759417481422424,0.474195566794909,0,"ALE","GAM"
349,"hli","workflow",0.761299878358841,0.473389864151432,0,"ALE","GAM"
350,"hli","workflow",0.763526494503021,0.472527720216975,0,"ALE","GAM"
351,"hli","workflow",0.765569267868996,0.471823051575106,0,"ALE","GAM"
352,"hli","workflow",0.767900187969208,0.471119296318137,0,"ALE","GAM"
353,"hli","workflow",0.770258859992027,0.470515313126713,0,"ALE","GAM"
354,"hli","workflow",0.772530436515808,0.470035756408935,0,"ALE","GAM"
355,"hli","workflow",0.774664989113808,0.469675807396229,0,"ALE","GAM"
356,"hli","workflow",0.777184145450592,0.469363220746583,0,"ALE","GAM"
357,"hli","workflow",0.779438722729683,0.469185766128983,0,"ALE","GAM"
358,"hli","workflow",0.781772263050079,0.469103155243351,0,"ALE","GAM"
359,"hli","workflow",0.784055450558662,0.469121176561543,0,"ALE","GAM"
360,"hli","workflow",0.786403877735138,0.469241062518938,0,"ALE","GAM"
361,"hli","workflow",0.788849089741707,0.469474412090258,0,"ALE","GAM"
362,"hli","workflow",0.791432281732559,0.469840383354711,0,"ALE","GAM"
363,"hli","workflow",0.793559479117393,0.47023326254304,0,"ALE","GAM"
364,"hli","workflow",0.79617235660553,0.470828081587423,0,"ALE","GAM"
365,"hli","workflow",0.798550488948822,0.47147612452149,0,"ALE","GAM"
366,"hli","workflow",0.801226080656052,0.472325509265342,0,"ALE","GAM"
367,"hli","workflow",0.803902129530907,0.473300853493789,0,"ALE","GAM"
368,"hli","workflow",0.806562185287476,0.474393016783244,0,"ALE","GAM"
369,"hli","workflow",0.809523177146912,0.475749453353016,0,"ALE","GAM"
370,"hli","workflow",0.812087525129318,0.477040731319391,0,"ALE","GAM"
371,"hli","workflow",0.814754877686501,0.478494873897303,0,"ALE","GAM"
372,"hli","workflow",0.817353625297546,0.480016526943683,0,"ALE","GAM"
373,"hli","workflow",0.820269164443016,0.481841444961027,0,"ALE","GAM"
374,"hli","workflow",0.823066502809525,0.483703002809806,0,"ALE","GAM"
375,"hli","workflow",0.826041780114174,0.485793454447226,0,"ALE","GAM"
376,"hli","workflow",0.830009529590607,0.488741150912504,0,"ALE","GAM"
377,"hli","workflow",0.83321838259697,0.491241557546602,0,"ALE","GAM"
378,"hli","workflow",0.836795717477798,0.494130577494819,0,"ALE","GAM"
379,"hli","workflow",0.840199261903763,0.496956653292769,0,"ALE","GAM"
380,"hli","workflow",0.843582837581634,0.499817387915521,0,"ALE","GAM"
381,"hli","workflow",0.846486241221428,0.502294125372093,0,"ALE","GAM"
382,"hli","workflow",0.849676172733307,0.505018024611761,0,"ALE","GAM"
383,"hli","workflow",0.853267040252686,0.5080601920858,0,"ALE","GAM"
384,"hli","workflow",0.856864356994629,0.511049848720016,0,"ALE","GAM"
385,"hli","workflow",0.860435580611229,0.51392641406845,0,"ALE","GAM"
386,"hli","workflow",0.864154651165009,0.516788548248045,0,"ALE","GAM"
387,"hli","workflow",0.868068553805351,0.519612174091873,0,"ALE","GAM"
388,"hli","workflow",0.871985652446747,0.522201846694309,0,"ALE","GAM"
389,"hli","workflow",0.876547265052795,0.524864879470938,0,"ALE","GAM"
390,"hli","workflow",0.881177682876587,0.527121255790436,0,"ALE","GAM"
391,"hli","workflow",0.885632025003433,0.528815497378513,0,"ALE","GAM"
392,"hli","workflow",0.89011137008667,0.530005102618916,0,"ALE","GAM"
393,"hli","workflow",0.89531573176384,0.530693908168688,0,"ALE","GAM"
394,"hli","workflow",0.901135492324829,0.530531407731662,0,"ALE","GAM"
395,"hli","workflow",0.907311358451843,0.529237843636952,0,"ALE","GAM"
396,"hli","workflow",0.91281436920166,0.527094466647604,0,"ALE","GAM"
397,"hli","workflow",0.918772085309029,0.523731692723612,0,"ALE","GAM"
398,"hli","workflow",0.924053449630737,0.519876407191905,0,"ALE","GAM"
399,"hli","workflow",0.931786906719208,0.512856412972275,0,"ALE","GAM"
400,"hli","workflow",0.938876850605011,0.505140496632982,0,"ALE","GAM"
401,"hli","workflow",0.94737401843071,0.494542515831653,0,"ALE","GAM"
402,"hli","workflow",0.955228250026703,0.483718817419227,0,"ALE","GAM"
403,"hli","workflow",0.966211089491844,0.467454031786522,0,"ALE","GAM"
404,"hli","workflow",0.996352076530457,0.420135394560969,0,"ALE","GAM"
405,"OM","workflow",-1.24998950958252,0.972423509095799,0,"ALE","GAM"
406,"OM","workflow",-0.114178167656064,0.336922708601129,0,"ALE","GAM"
407,"OM","workflow",-0.0570071706175804,0.329753755141534,0,"ALE","GAM"
408,"OM","workflow",-0.0212380439415574,0.330987349505287,0,"ALE","GAM"
409,"OM","workflow",-0.000969362831674514,0.333926763908825,0,"ALE","GAM"
410,"OM","workflow",0.0258024795912206,0.340420242352071,0,"ALE","GAM"
411,"OM","workflow",0.0517624247819185,0.349524156645825,0,"ALE","GAM"
412,"OM","workflow",0.0750000029802322,0.359844543724265,0,"ALE","GAM"
413,"OM","workflow",0.0892535483837128,0.367061144185567,0,"ALE","GAM"
414,"OM","workflow",0.109824919998646,0.378428084588983,0,"ALE","GAM"
415,"OM","workflow",0.129066029191017,0.389761878607542,0,"ALE","GAM"
416,"OM","workflow",0.145678804665804,0.399802933389721,0,"ALE","GAM"
417,"OM","workflow",0.162350938916206,0.409848617627452,0,"ALE","GAM"
418,"OM","workflow",0.177318747639656,0.418624613741161,0,"ALE","GAM"
419,"OM","workflow",0.190301909446716,0.425901655306964,0,"ALE","GAM"
420,"OM","workflow",0.202591834962368,0.43239456719373,0,"ALE","GAM"
421,"OM","workflow",0.211931396126747,0.437016409704658,0,"ALE","GAM"
422,"OM","workflow",0.219597144275904,0.440582364807848,0,"ALE","GAM"
423,"OM","workflow",0.229445030987263,0.444837174581662,0,"ALE","GAM"
424,"OM","workflow",0.237583472430706,0.448060933485305,0,"ALE","GAM"
425,"OM","workflow",0.24677346944809,0.451373207804338,0,"ALE","GAM"
426,"OM","workflow",0.255621319413185,0.45423141039704,0,"ALE","GAM"
427,"OM","workflow",0.263657992482185,0.456550494170935,0,"ALE","GAM"
428,"OM","workflow",0.272203206121922,0.458736272180931,0,"ALE","GAM"
429,"OM","workflow",0.280052769184113,0.460502663244934,0,"ALE","GAM"
430,"OM","workflow",0.287396408617496,0.461960569403113,0,"ALE","GAM"
431,"OM","workflow",0.294622776508331,0.463228075833806,0,"ALE","GAM"
432,"OM","workflow",0.304246765375137,0.464690498999711,0,"ALE","GAM"
433,"OM","workflow",0.312414828538895,0.465761879966219,0,"ALE","GAM"
434,"OM","workflow",0.31920301347971,0.466557436611359,0,"ALE","GAM"
435,"OM","workflow",0.325462564826012,0.467232453801513,0,"ALE","GAM"
436,"OM","workflow",0.332717105150223,0.467965556743552,0,"ALE","GAM"
437,"OM","workflow",0.338892821073532,0.468565572301782,0,"ALE","GAM"
438,"OM","workflow",0.346379636526108,0.469286517788457,0,"ALE","GAM"
439,"OM","workflow",0.353481348156929,0.469987159197606,0,"ALE","GAM"
440,"OM","workflow",0.36094541400671,0.470766805195778,0,"ALE","GAM"
441,"OM","workflow",0.36761633515358,0.471521894076468,0,"ALE","GAM"
442,"OM","workflow",0.37526563256979,0.472479183322871,0,"ALE","GAM"
443,"OM","workflow",0.382771461009979,0.473536747543209,0,"ALE","GAM"
444,"OM","workflow",0.389509371817112,0.474603918748375,0,"ALE","GAM"
445,"OM","workflow",0.395623052120209,0.475680948971917,0,"ALE","GAM"
446,"OM","workflow",0.40186852812767,0.476898120588748,0,"ALE","GAM"
447,"OM","workflow",0.408136213421822,0.478246954551805,0,"ALE","GAM"
448,"OM","workflow",0.414912610948086,0.479856882992173,0,"ALE","GAM"
449,"OM","workflow",0.420740163326263,0.481372584322763,0,"ALE","GAM"
450,"OM","workflow",0.424935677647591,0.482540877894793,0,"ALE","GAM"
451,"OM","workflow",0.430156244635582,0.484086050622887,0,"ALE","GAM"
452,"OM","workflow",0.435042375326157,0.48562472275268,0,"ALE","GAM"
453,"OM","workflow",0.440369516611099,0.487403960005935,0,"ALE","GAM"
454,"OM","workflow",0.446491064429283,0.489577672070944,0,"ALE","GAM"
455,"OM","workflow",0.452304631471634,0.491766561406138,0,"ALE","GAM"
456,"OM","workflow",0.457058817148209,0.493643637596605,0,"ALE","GAM"
457,"OM","workflow",0.463107476234436,0.496139932414658,0,"ALE","GAM"
458,"OM","workflow",0.46900766402483,0.498684905110734,0,"ALE","GAM"
459,"OM","workflow",0.473780418038368,0.500817452243724,0,"ALE","GAM"
460,"OM","workflow",0.48029400408268,0.503825029979438,0,"ALE","GAM"
461,"OM","workflow",0.485487736463547,0.506295439790186,0,"ALE","GAM"
462,"OM","workflow",0.491882525980473,0.509413568979761,0,"ALE","GAM"
463,"OM","workflow",0.497146093845367,0.512033980987897,0,"ALE","GAM"
464,"OM","workflow",0.501827384829521,0.514398121215461,0,"ALE","GAM"
465,"OM","workflow",0.507436406612396,0.51726357977247,0,"ALE","GAM"
466,"OM","workflow",0.513482629656792,0.520380825621363,0,"ALE","GAM"
467,"OM","workflow",0.517932109832764,0.522686024712038,0,"ALE","GAM"
468,"OM","workflow",0.523027291297913,0.525329592743937,0,"ALE","GAM"
469,"OM","workflow",0.528611843585968,0.528222602249165,0,"ALE","GAM"
470,"OM","workflow",0.53301847577095,0.530495506529069,0,"ALE","GAM"
471,"OM","workflow",0.53971044421196,0.533918343802952,0,"ALE","GAM"
472,"OM","workflow",0.545667926669121,0.536924361500736,0,"ALE","GAM"
473,"OM","workflow",0.551994943618774,0.540061341104104,0,"ALE","GAM"
474,"OM","workflow",0.558455852270126,0.543192839486156,0,"ALE","GAM"
475,"OM","workflow",0.564769399166107,0.546170626469633,0,"ALE","GAM"
476,"OM","workflow",0.57266096830368,0.549761573095783,0,"ALE","GAM"
477,"OM","workflow",0.58001147031784,0.55296035860564,0,"ALE","GAM"
478,"OM","workflow",0.586956971287727,0.555841622700013,0,"ALE","GAM"
479,"OM","workflow",0.595871064662933,0.559323638235335,0,"ALE","GAM"
480,"OM","workflow",0.603836119174957,0.562218688038728,0,"ALE","GAM"
481,"OM","workflow",0.610898461341858,0.564608626612418,0,"ALE","GAM"
482,"OM","workflow",0.617218617200852,0.566603991425256,0,"ALE","GAM"
483,"OM","workflow",0.623377411365509,0.568417469995283,0,"ALE","GAM"
484,"OM","workflow",0.631018593907356,0.5704886353158,0,"ALE","GAM"
485,"OM","workflow",0.638379180431366,0.572299357047066,0,"ALE","GAM"
486,"OM","workflow",0.64666649222374,0.574127276475309,0,"ALE","GAM"
487,"OM","workflow",0.656340781450272,0.575990504733029,0,"ALE","GAM"
488,"OM","workflow",0.668269112110138,0.57791356800615,0,"ALE","GAM"
489,"OM","workflow",0.6782120013237,0.579228401657647,0,"ALE","GAM"
490,"OM","workflow",0.687670958042145,0.580261369834485,0,"ALE","GAM"
491,"OM","workflow",0.699675025939941,0.581305954380876,0,"ALE","GAM"
492,"OM","workflow",0.713281506896019,0.582193441304516,0,"ALE","GAM"
493,"OM","workflow",0.7248859167099,0.582759197889875,0,"ALE","GAM"
494,"OM","workflow",0.739405816197395,0.583297896526268,0,"ALE","GAM"
495,"OM","workflow",0.754850947856903,0.583760090050761,0,"ALE","GAM"
496,"OM","workflow",0.775412999391556,0.584369441537812,0,"ALE","GAM"
497,"OM","workflow",0.792388296127319,0.58500335790184,0,"ALE","GAM"
498,"OM","workflow",0.813149679899216,0.586089520846804,0,"ALE","GAM"
499,"OM","workflow",0.836637547016144,0.587873735541356,0,"ALE","GAM"
500,"OM","workflow",0.861523333191872,0.59049938136696,0,"ALE","GAM"
501,"OM","workflow",0.889677004814147,0.594405683462934,0,"ALE","GAM"
502,"OM","workflow",0.926613247394561,0.600932169981927,0,"ALE","GAM"
503,"OM","workflow",0.977169107198715,0.611858329008178,0,"ALE","GAM"
504,"OM","workflow",1.04015288472176,0.627241685779762,0,"ALE","GAM"
505,"OM","workflow",1.54962706565857,0.729877537472282,0,"ALE","GAM"
506,"PRATIO","workflow",0.326286375522614,0.660473446761532,0,"ALE","GAM"
507,"PRATIO","workflow",0.364584320783615,0.648313248494975,0,"ALE","GAM"
508,"PRATIO","workflow",0.379066008329392,0.64339258190694,0,"ALE","GAM"
509,"PRATIO","workflow",0.386461151540279,0.640701622220875,0,"ALE","GAM"
510,"PRATIO","workflow",0.39117405295372,0.638900579623522,0,"ALE","GAM"
511,"PRATIO","workflow",0.396626648306847,0.636719531365587,0,"ALE","GAM"
512,"PRATIO","workflow",0.400903986096382,0.634930571442932,0,"ALE","GAM"
513,"PRATIO","workflow",0.405181890428066,0.633069757309588,0,"ALE","GAM"
514,"PRATIO","workflow",0.408414475917816,0.631615538707649,0,"ALE","GAM"
515,"PRATIO","workflow",0.4118797275424,0.63001000211543,0,"ALE","GAM"
516,"PRATIO","workflow",0.414799764752388,0.628619520074811,0,"ALE","GAM"
517,"PRATIO","workflow",0.417475706636906,0.627314700630695,0,"ALE","GAM"
518,"PRATIO","workflow",0.419894951581955,0.62610933679891,0,"ALE","GAM"
519,"PRATIO","workflow",0.422331132590771,0.624869906341915,0,"ALE","GAM"
520,"PRATIO","workflow",0.424690200090408,0.623644027935071,0,"ALE","GAM"
521,"PRATIO","workflow",0.426825104653835,0.622511616312077,0,"ALE","GAM"
522,"PRATIO","workflow",0.429351341724396,0.621141228034438,0,"ALE","GAM"
523,"PRATIO","workflow",0.43144028365612,0.619981393367424,0,"ALE","GAM"
524,"PRATIO","workflow",0.433528403639793,0.618795656909738,0,"ALE","GAM"
525,"PRATIO","workflow",0.435782164335251,0.617483454662692,0,"ALE","GAM"
526,"PRATIO","workflow",0.438140618801117,0.616070357454271,0,"ALE","GAM"
527,"PRATIO","workflow",0.440366813540459,0.614694747788149,0,"ALE","GAM"
528,"PRATIO","workflow",0.442600865364075,0.613268786485723,0,"ALE","GAM"
529,"PRATIO","workflow",0.444881338477135,0.611761007355917,0,"ALE","GAM"
530,"PRATIO","workflow",0.44722193479538,0.610152700917086,0,"ALE","GAM"
531,"PRATIO","workflow",0.449727177619934,0.608355669243507,0,"ALE","GAM"
532,"PRATIO","workflow",0.451901742219925,0.606726299759059,0,"ALE","GAM"
533,"PRATIO","workflow",0.453899801671505,0.605167151796035,0,"ALE","GAM"
534,"PRATIO","workflow",0.455896977186203,0.603544822177859,0,"ALE","GAM"
535,"PRATIO","workflow",0.457730460166931,0.601995640276873,0,"ALE","GAM"
536,"PRATIO","workflow",0.45968371629715,0.600278503938823,0,"ALE","GAM"
537,"PRATIO","workflow",0.461371358633041,0.598736809785058,0,"ALE","GAM"
538,"PRATIO","workflow",0.463238981962204,0.596965029271873,0,"ALE","GAM"
539,"PRATIO","workflow",0.464983029067516,0.595245974151733,0,"ALE","GAM"
540,"PRATIO","workflow",0.467008885145187,0.593168140512732,0,"ALE","GAM"
541,"PRATIO","workflow",0.468859553337097,0.591191910790091,0,"ALE","GAM"
542,"PRATIO","workflow",0.470851274728775,0.588979723611226,0,"ALE","GAM"
543,"PRATIO","workflow",0.472499673366547,0.587081102466284,0,"ALE","GAM"
544,"PRATIO","workflow",0.474290093779564,0.58494851324343,0,"ALE","GAM"
545,"PRATIO","workflow",0.476403371095657,0.582336570081517,0,"ALE","GAM"
546,"PRATIO","workflow",0.478850269317627,0.579184417411083,0,"ALE","GAM"
547,"PRATIO","workflow",0.481049016714096,0.576236441532416,0,"ALE","GAM"
548,"PRATIO","workflow",0.483619848489761,0.572653352949875,0,"ALE","GAM"
549,"PRATIO","workflow",0.486011855602264,0.569192164685434,0,"ALE","GAM"
550,"PRATIO","workflow",0.4883573615551,0.565684383372146,0,"ALE","GAM"
551,"PRATIO","workflow",0.490164461731911,0.562909062713291,0,"ALE","GAM"
552,"PRATIO","workflow",0.491885660886764,0.560209889516257,0,"ALE","GAM"
553,"PRATIO","workflow",0.494231640696526,0.556448619406206,0,"ALE","GAM"
554,"PRATIO","workflow",0.496484880447388,0.552754544004499,0,"ALE","GAM"
555,"PRATIO","workflow",0.498554812073708,0.549298056746735,0,"ALE","GAM"
556,"PRATIO","workflow",0.500773727893829,0.54553389957359,0,"ALE","GAM"
557,"PRATIO","workflow",0.503376363515854,0.54105294571145,0,"ALE","GAM"
558,"PRATIO","workflow",0.505796668529511,0.536834900499094,0,"ALE","GAM"
559,"PRATIO","workflow",0.508471014499664,0.532131565793407,0,"ALE","GAM"
560,"PRATIO","workflow",0.510662142038345,0.528255984500472,0,"ALE","GAM"
561,"PRATIO","workflow",0.513506555557251,0.523209397376976,0,"ALE","GAM"
562,"PRATIO","workflow",0.51681262254715,0.517343827944272,0,"ALE","GAM"
563,"PRATIO","workflow",0.519727799296379,0.512192233730344,0,"ALE","GAM"
564,"PRATIO","workflow",0.522446143627167,0.507420856647644,0,"ALE","GAM"
565,"PRATIO","workflow",0.525352382063866,0.502367965556434,0,"ALE","GAM"
566,"PRATIO","workflow",0.528081369400024,0.497680023973115,0,"ALE","GAM"
567,"PRATIO","workflow",0.531785037517548,0.491421271469262,0,"ALE","GAM"
568,"PRATIO","workflow",0.535114380121231,0.485910443701112,0,"ALE","GAM"
569,"PRATIO","workflow",0.539176572561264,0.479348557538555,0,"ALE","GAM"
570,"PRATIO","workflow",0.542261874675751,0.474491523545512,0,"ALE","GAM"
571,"PRATIO","workflow",0.545991426706314,0.468771352075758,0,"ALE","GAM"
572,"PRATIO","workflow",0.550120624303818,0.462633484677854,0,"ALE","GAM"
573,"PRATIO","workflow",0.554484656453133,0.456368548677449,0,"ALE","GAM"
574,"PRATIO","workflow",0.558905382156372,0.450250648509725,0,"ALE","GAM"
575,"PRATIO","workflow",0.563301059007645,0.444389252874181,0,"ALE","GAM"
576,"PRATIO","workflow",0.566821026802063,0.439850408928749,0,"ALE","GAM"
577,"PRATIO","workflow",0.570438908338547,0.435325111197565,0,"ALE","GAM"
578,"PRATIO","workflow",0.573442494869232,0.431673386303086,0,"ALE","GAM"
579,"PRATIO","workflow",0.578235176801681,0.426040668186782,0,"ALE","GAM"
580,"PRATIO","workflow",0.582763390541077,0.420932329172993,0,"ALE","GAM"
581,"PRATIO","workflow",0.588114857673645,0.415155445097436,0,"ALE","GAM"
582,"PRATIO","workflow",0.593135044574738,0.409981615274497,0,"ALE","GAM"
583,"PRATIO","workflow",0.598190057873726,0.404996924761876,0,"ALE","GAM"
584,"PRATIO","workflow",0.605486974716187,0.398158325008529,0,"ALE","GAM"
585,"PRATIO","workflow",0.613233594894409,0.391266917163612,0,"ALE","GAM"
586,"PRATIO","workflow",0.620373094081879,0.385131765596573,0,"ALE","GAM"
587,"PRATIO","workflow",0.62841558277607,0.378288728202068,0,"ALE","GAM"
588,"PRATIO","workflow",0.63459846496582,0.372927660277474,0,"ALE","GAM"
589,"PRATIO","workflow",0.640666016936302,0.367454102874022,0,"ALE","GAM"
590,"PRATIO","workflow",0.647029800415039,0.36136077082611,0,"ALE","GAM"
591,"PRATIO","workflow",0.652877706289291,0.355339004190459,0,"ALE","GAM"
592,"PRATIO","workflow",0.660035378932953,0.347311349317632,0,"ALE","GAM"
593,"PRATIO","workflow",0.66572624027729,0.340366981557199,0,"ALE","GAM"
594,"PRATIO","workflow",0.67303190946579,0.330747693792776,0,"ALE","GAM"
595,"PRATIO","workflow",0.679848256111145,0.321145559858162,0,"ALE","GAM"
596,"PRATIO","workflow",0.686471325159073,0.311380900258082,0,"ALE","GAM"
597,"PRATIO","workflow",0.69268221616745,0.301988710189301,0,"ALE","GAM"
598,"PRATIO","workflow",0.69790854215622,0.294028633014722,0,"ALE","GAM"
599,"PRATIO","workflow",0.703745517730713,0.285213342546633,0,"ALE","GAM"
600,"PRATIO","workflow",0.710075554847717,0.275892999796065,0,"ALE","GAM"
601,"PRATIO","workflow",0.715800079703331,0.267795054359223,0,"ALE","GAM"
602,"PRATIO","workflow",0.72284740447998,0.258386678370889,0,"ALE","GAM"
603,"PRATIO","workflow",0.730511476397514,0.248958801575017,0,"ALE","GAM"
604,"PRATIO","workflow",0.74292696595192,0.23558201837799,0,"ALE","GAM"
605,"PRATIO","workflow",0.758896772861481,0.221450424858381,0,"ALE","GAM"
606,"PRATIO","workflow",0.799572348594666,0.1945481670762,0,"ALE","GAM"
607,"RH","workflow",38.6966285705566,0.249352391227528,0,"ALE","GAM"
608,"RH","workflow",42.5261520004272,0.350638473112917,0,"ALE","GAM"
609,"RH","workflow",43.2462159729004,0.370630013527458,0,"ALE","GAM"
610,"RH","workflow",43.7573014831543,0.384877946230263,0,"ALE","GAM"
611,"RH","workflow",44.3213403320313,0.400775076910695,0,"ALE","GAM"
612,"RH","workflow",44.678281211853,0.411012934032664,0,"ALE","GAM"
613,"RH","workflow",45.1480674743652,0.424824380049555,0,"ALE","GAM"
614,"RH","workflow",45.5616289901733,0.437368097141528,0,"ALE","GAM"
615,"RH","workflow",45.9006280517578,0.447926280863113,0,"ALE","GAM"
616,"RH","workflow",46.0741260910034,0.453410290627905,0,"ALE","GAM"
617,"RH","workflow",46.3362373352051,0.461764245258028,0,"ALE","GAM"
618,"RH","workflow",46.5869554519653,0.469779320546667,0,"ALE","GAM"
619,"RH","workflow",46.8234658813477,0.477298909307131,0,"ALE","GAM"
620,"RH","workflow",47.0571827697754,0.484620097233863,0,"ALE","GAM"
621,"RH","workflow",47.2489492797852,0.490492218494878,0,"ALE","GAM"
622,"RH","workflow",47.4387245178223,0.496137924564948,0,"ALE","GAM"
623,"RH","workflow",47.6250942993164,0.501480715095995,0,"ALE","GAM"
624,"RH","workflow",47.7906756210327,0.506027556221807,0,"ALE","GAM"
625,"RH","workflow",47.9723494720459,0.510767313372682,0,"ALE","GAM"
626,"RH","workflow",48.100703163147,0.513941678127696,0,"ALE","GAM"
627,"RH","workflow",48.3082443237305,0.51874172949467,0,"ALE","GAM"
628,"RH","workflow",48.4543468475342,0.521857688371951,0,"ALE","GAM"
629,"RH","workflow",48.6149597167969,0.525019112734814,0,"ALE","GAM"
630,"RH","workflow",48.7700469970703,0.527800177152533,0,"ALE","GAM"
631,"RH","workflow",48.909143371582,0.530062202090636,0,"ALE","GAM"
632,"RH","workflow",49.0649852752686,0.532332147349035,0,"ALE","GAM"
633,"RH","workflow",49.2152703857422,0.534255432823492,0,"ALE","GAM"
634,"RH","workflow",49.3469875335693,0.535727090988073,0,"ALE","GAM"
635,"RH","workflow",49.468334197998,0.536907047342462,0,"ALE","GAM"
636,"RH","workflow",49.5773113632202,0.537824101999478,0,"ALE","GAM"
637,"RH","workflow",49.7003284454346,0.538698735149362,0,"ALE","GAM"
638,"RH","workflow",49.8116591644287,0.539345038601325,0,"ALE","GAM"
639,"RH","workflow",49.9197816467285,0.539842124728483,0,"ALE","GAM"
640,"RH","workflow",50.0383158111572,0.540240942386592,0,"ALE","GAM"
641,"RH","workflow",50.1398205566406,0.540462389794085,0,"ALE","GAM"
642,"RH","workflow",50.2629137039185,0.540584192942196,0,"ALE","GAM"
643,"RH","workflow",50.3749882507324,0.540557004969703,0,"ALE","GAM"
644,"RH","workflow",50.4852802658081,0.540403567253186,0,"ALE","GAM"
645,"RH","workflow",50.600671005249,0.54011053789713,0,"ALE","GAM"
646,"RH","workflow",50.7323245239258,0.539613746935466,0,"ALE","GAM"
647,"RH","workflow",50.8311111450195,0.539129665786989,0,"ALE","GAM"
648,"RH","workflow",50.9229160308838,0.538596222174797,0,"ALE","GAM"
649,"RH","workflow",51.000550994873,0.538083803343869,0,"ALE","GAM"
650,"RH","workflow",51.092288017273,0.537407951756085,0,"ALE","GAM"
651,"RH","workflow",51.1945756530762,0.536567730650873,0,"ALE","GAM"
652,"RH","workflow",51.3209112167358,0.535410293472172,0,"ALE","GAM"
653,"RH","workflow",51.4484178924561,0.534117419439698,0,"ALE","GAM"
654,"RH","workflow",51.5494288635254,0.533012175138875,0,"ALE","GAM"
655,"RH","workflow",51.6546815490723,0.531792501602486,0,"ALE","GAM"
656,"RH","workflow",51.7531528091431,0.530596596874519,0,"ALE","GAM"
657,"RH","workflow",51.840368270874,0.529500064858835,0,"ALE","GAM"
658,"RH","workflow",51.9280794525147,0.528368724755419,0,"ALE","GAM"
659,"RH","workflow",51.9995683288574,0.527430411463759,0,"ALE","GAM"
660,"RH","workflow",52.0697362518311,0.526499661076749,0,"ALE","GAM"
661,"RH","workflow",52.1549407196045,0.525362673023834,0,"ALE","GAM"
662,"RH","workflow",52.2613843917847,0.523943508032385,0,"ALE","GAM"
663,"RH","workflow",52.3445693969727,0.522845316712598,0,"ALE","GAM"
664,"RH","workflow",52.4312298965454,0.521720980445529,0,"ALE","GAM"
665,"RH","workflow",52.5047340393066,0.520790081270131,0,"ALE","GAM"
666,"RH","workflow",52.6031528091431,0.5195870903643,0,"ALE","GAM"
667,"RH","workflow",52.6982208251953,0.518484466639232,0,"ALE","GAM"
668,"RH","workflow",52.781428642273,0.517577395512532,0,"ALE","GAM"
669,"RH","workflow",52.8536059570312,0.51684118797405,0,"ALE","GAM"
670,"RH","workflow",52.9282299423218,0.516135363947433,0,"ALE","GAM"
671,"RH","workflow",52.9876750183105,0.515617049685376,0,"ALE","GAM"
672,"RH","workflow",53.0699207305908,0.514969409411625,0,"ALE","GAM"
673,"RH","workflow",53.1703924560547,0.514296064466744,0,"ALE","GAM"
674,"RH","workflow",53.2518423461914,0.513851869587834,0,"ALE","GAM"
675,"RH","workflow",53.3347424316406,0.513498500944033,0,"ALE","GAM"
676,"RH","workflow",53.437516784668,0.513205201862048,0,"ALE","GAM"
677,"RH","workflow",53.5357479095459,0.513080422635134,0,"ALE","GAM"
678,"RH","workflow",53.6308535766602,0.513108184617786,0,"ALE","GAM"
679,"RH","workflow",53.7482275390625,0.51334633102176,0,"ALE","GAM"
680,"RH","workflow",53.8459230041504,0.513715975048699,0,"ALE","GAM"
681,"RH","workflow",53.944986114502,0.514247194498419,0,"ALE","GAM"
682,"RH","workflow",54.0478792190552,0.514960311103988,0,"ALE","GAM"
683,"RH","workflow",54.166460723877,0.515974847648409,0,"ALE","GAM"
684,"RH","workflow",54.2938647842407,0.517274716627684,0,"ALE","GAM"
685,"RH","workflow",54.408664855957,0.518610046206705,0,"ALE","GAM"
686,"RH","workflow",54.514993095398,0.519964610132713,0,"ALE","GAM"
687,"RH","workflow",54.6268821716309,0.521488782891143,0,"ALE","GAM"
688,"RH","workflow",54.7483712768555,0.523227392220755,0,"ALE","GAM"
689,"RH","workflow",54.8715721893311,0.525042106973177,0,"ALE","GAM"
690,"RH","workflow",54.9867092895508,0.526748668885024,0,"ALE","GAM"
691,"RH","workflow",55.1066937255859,0.528499694686133,0,"ALE","GAM"
692,"RH","workflow",55.223749923706,0.530143608170443,0,"ALE","GAM"
693,"RH","workflow",55.3546650695801,0.531861327978317,0,"ALE","GAM"
694,"RH","workflow",55.5119964599609,0.533688858562317,0,"ALE","GAM"
695,"RH","workflow",55.6840664672852,0.535300787823806,0,"ALE","GAM"
696,"RH","workflow",55.8622702026367,0.536445094349816,0,"ALE","GAM"
697,"RH","workflow",56.0369407653809,0.536961887185866,0,"ALE","GAM"
698,"RH","workflow",56.2162015914917,0.536793625181664,0,"ALE","GAM"
699,"RH","workflow",56.421551361084,0.535650992270473,0,"ALE","GAM"
700,"RH","workflow",56.6394703674316,0.533262410260869,0,"ALE","GAM"
701,"RH","workflow",56.8990630340576,0.528803720077043,0,"ALE","GAM"
702,"RH","workflow",57.2390428543091,0.520396979913206,0,"ALE","GAM"
703,"RH","workflow",57.6702792358398,0.505968061554315,0,"ALE","GAM"
704,"RH","workflow",58.1819004058838,0.484428299096554,0,"ALE","GAM"
705,"RH","workflow",58.9556087493897,0.446154149172672,0,"ALE","GAM"
706,"RH","workflow",59.9590730285645,0.393755907179732,0,"ALE","GAM"
707,"RH","workflow",67.9946746826172,0.102472027646871,0,"ALE","GAM"
708,"TD","workflow",17.1612071990967,0.219300896965028,0,"ALE","GAM"
709,"TD","workflow",18.1597093200684,0.341992428989896,0,"ALE","GAM"
710,"TD","workflow",18.4265461730957,0.376539508704483,0,"ALE","GAM"
711,"TD","workflow",18.6055395126343,0.398583702921619,0,"ALE","GAM"
712,"TD","workflow",18.7576812744141,0.415949273758412,0,"ALE","GAM"
713,"TD","workflow",18.9044772148132,0.431066547061989,0,"ALE","GAM"
714,"TD","workflow",19.0167464065552,0.441327732886723,0,"ALE","GAM"
715,"TD","workflow",19.1206571769714,0.449714472263962,0,"ALE","GAM"
716,"TD","workflow",19.2188248443604,0.456611077347531,0,"ALE","GAM"
717,"TD","workflow",19.3100456047058,0.462120222081163,0,"ALE","GAM"
718,"TD","workflow",19.3959426879883,0.466540007376303,0,"ALE","GAM"
719,"TD","workflow",19.4859823989868,0.470421596068651,0,"ALE","GAM"
720,"TD","workflow",19.5656815338135,0.473271357454582,0,"ALE","GAM"
721,"TD","workflow",19.6541634750366,0.475870009292539,0,"ALE","GAM"
722,"TD","workflow",19.7174381637573,0.477418061361411,0,"ALE","GAM"
723,"TD","workflow",19.7825086593628,0.478788450994336,0,"ALE","GAM"
724,"TD","workflow",19.8510068511963,0.480039206364894,0,"ALE","GAM"
725,"TD","workflow",19.9076551055908,0.480964076683535,0,"ALE","GAM"
726,"TD","workflow",19.9575923538208,0.481724312916505,0,"ALE","GAM"
727,"TD","workflow",20.0111117172241,0.482507312263497,0,"ALE","GAM"
728,"TD","workflow",20.0651264190674,0.483289502736991,0,"ALE","GAM"
729,"TD","workflow",20.1276549530029,0.484216534026471,0,"ALE","GAM"
730,"TD","workflow",20.1800522994995,0.48503496139288,0,"ALE","GAM"
731,"TD","workflow",20.2278387069702,0.485830660363925,0,"ALE","GAM"
732,"TD","workflow",20.2778366851807,0.486726413983341,0,"ALE","GAM"
733,"TD","workflow",20.3095226287842,0.487332566440888,0,"ALE","GAM"
734,"TD","workflow",20.3487638092041,0.488128218392473,0,"ALE","GAM"
735,"TD","workflow",20.3915309333801,0.489054775535375,0,"ALE","GAM"
736,"TD","workflow",20.4320682525635,0.489991899076252,0,"ALE","GAM"
737,"TD","workflow",20.4694257736206,0.490906812803224,0,"ALE","GAM"
738,"TD","workflow",20.5130083084106,0.492035683367345,0,"ALE","GAM"
739,"TD","workflow",20.5567078018188,0.493231894079869,0,"ALE","GAM"
740,"TD","workflow",20.5975496673584,0.494405223272821,0,"ALE","GAM"
741,"TD","workflow",20.6472185325623,0.495899066046583,0,"ALE","GAM"
742,"TD","workflow",20.6971882247925,0.497468765199103,0,"ALE","GAM"
743,"TD","workflow",20.7438426971436,0.498986717675851,0,"ALE","GAM"
744,"TD","workflow",20.7800964355469,0.50019574619372,0,"ALE","GAM"
745,"TD","workflow",20.8225392723083,0.501637544626033,0,"ALE","GAM"
746,"TD","workflow",20.8698249816895,0.503269091743792,0,"ALE","GAM"
747,"TD","workflow",20.9119386672974,0.504736863307203,0,"ALE","GAM"
748,"TD","workflow",20.9501354217529,0.506073949793611,0,"ALE","GAM"
749,"TD","workflow",20.9964211654663,0.507693947607704,0,"ALE","GAM"
750,"TD","workflow",21.0421587371826,0.509286605522061,0,"ALE","GAM"
751,"TD","workflow",21.0917827415466,0.51099640595599,0,"ALE","GAM"
752,"TD","workflow",21.1426473999023,0.512720595092124,0,"ALE","GAM"
753,"TD","workflow",21.1871949195862,0.514200955905378,0,"ALE","GAM"
754,"TD","workflow",21.2362956237793,0.515794939348566,0,"ALE","GAM"
755,"TD","workflow",21.2866133880615,0.517383209842357,0,"ALE","GAM"
756,"TD","workflow",21.3291153717041,0.518687135332073,0,"ALE","GAM"
757,"TD","workflow",21.3715620994568,0.519954322793204,0,"ALE","GAM"
758,"TD","workflow",21.4166860580444,0.521263769061463,0,"ALE","GAM"
759,"TD","workflow",21.4623111343384,0.522550116668292,0,"ALE","GAM"
760,"TD","workflow",21.5065621185303,0.523764168599553,0,"ALE","GAM"
761,"TD","workflow",21.5505759239197,0.524942323396926,0,"ALE","GAM"
762,"TD","workflow",21.5984239959717,0.526194779398529,0,"ALE","GAM"
763,"TD","workflow",21.6445824623108,0.527380719347855,0,"ALE","GAM"
764,"TD","workflow",21.6862027740479,0.528436237171797,0,"ALE","GAM"
765,"TD","workflow",21.724975528717,0.529411702522065,0,"ALE","GAM"
766,"TD","workflow",21.7695259857178,0.530527653380588,0,"ALE","GAM"
767,"TD","workflow",21.8097523117065,0.531534749462545,0,"ALE","GAM"
768,"TD","workflow",21.856339263916,0.532704696568889,0,"ALE","GAM"
769,"TD","workflow",21.8928700447083,0.533627436771563,0,"ALE","GAM"
770,"TD","workflow",21.9349461364746,0.534697914144993,0,"ALE","GAM"
771,"TD","workflow",21.9862415122986,0.536015735773944,0,"ALE","GAM"
772,"TD","workflow",22.0310270690918,0.537178345993496,0,"ALE","GAM"
773,"TD","workflow",22.0821544647217,0.538517084904818,0,"ALE","GAM"
774,"TD","workflow",22.1319946289062,0.539829077248246,0,"ALE","GAM"
775,"TD","workflow",22.18362865448,0.541187303873143,0,"ALE","GAM"
776,"TD","workflow",22.2328074645996,0.542469978642877,0,"ALE","GAM"
777,"TD","workflow",22.2720763206482,0.543479089655894,0,"ALE","GAM"
778,"TD","workflow",22.3208700180054,0.544703770484595,0,"ALE","GAM"
779,"TD","workflow",22.3628028297424,0.545720481644908,0,"ALE","GAM"
780,"TD","workflow",22.4075793457031,0.54675732787619,0,"ALE","GAM"
781,"TD","workflow",22.4438223266602,0.547550467303658,0,"ALE","GAM"
782,"TD","workflow",22.4935954284668,0.548556696810813,0,"ALE","GAM"
783,"TD","workflow",22.538076877594,0.549358634279965,0,"ALE","GAM"
784,"TD","workflow",22.58577003479,0.550097236364015,0,"ALE","GAM"
785,"TD","workflow",22.6468145370483,0.550827630691751,0,"ALE","GAM"
786,"TD","workflow",22.7062758636475,0.551269359044163,0,"ALE","GAM"
787,"TD","workflow",22.7632689285278,0.551406795441093,0,"ALE","GAM"
788,"TD","workflow",22.8222503662109,0.551219186320339,0,"ALE","GAM"
789,"TD","workflow",22.8939169311523,0.550492272313719,0,"ALE","GAM"
790,"TD","workflow",22.9629053878784,0.549229551107899,0,"ALE","GAM"
791,"TD","workflow",23.015863609314,0.547861540005019,0,"ALE","GAM"
792,"TD","workflow",23.0746572875977,0.545920092891129,0,"ALE","GAM"
793,"TD","workflow",23.1481587409973,0.542848009012918,0,"ALE","GAM"
794,"TD","workflow",23.2038186264038,0.540037781330394,0,"ALE","GAM"
795,"TD","workflow",23.2867177963257,0.535091110326137,0,"ALE","GAM"
796,"TD","workflow",23.3753944396973,0.528836883761424,0,"ALE","GAM"
797,"TD","workflow",23.4581906318665,0.522179278602308,0,"ALE","GAM"
798,"TD","workflow",23.5490123748779,0.514097258258032,0,"ALE","GAM"
799,"TD","workflow",23.6551487541199,0.503841599357482,0,"ALE","GAM"
800,"TD","workflow",23.7796415710449,0.491097611244895,0,"ALE","GAM"
801,"TD","workflow",23.9107612609863,0.477409905465781,0,"ALE","GAM"
802,"TD","workflow",24.0692623901367,0.461426521379741,0,"ALE","GAM"
803,"TD","workflow",24.220043182373,0.447743873424508,0,"ALE","GAM"
804,"TD","workflow",24.3676809692383,0.436612174083569,0,"ALE","GAM"
805,"TD","workflow",24.5652444076538,0.426393506720971,0,"ALE","GAM"
806,"TD","workflow",24.8746865844727,0.423439247701822,0,"ALE","GAM"
807,"TD","workflow",25.2220314788818,0.440437515629152,0,"ALE","GAM"
808,"TD","workflow",28.2092189788818,0.956029814168164,0,"ALE","GAM"
809,"thetas","workflow",0.393067896366119,0.422496668692658,0,"ALE","GAM"
810,"thetas","workflow",0.464395098686218,0.479099594631893,0,"ALE","GAM"
811,"thetas","workflow",0.471372151970863,0.483995374175557,0,"ALE","GAM"
812,"thetas","workflow",0.476400042772293,0.487292363741564,0,"ALE","GAM"
813,"thetas","workflow",0.478640878200531,0.488688899764616,0,"ALE","GAM"
814,"thetas","workflow",0.480819065868855,0.490002217777729,0,"ALE","GAM"
815,"thetas","workflow",0.482928047180176,0.491233136197044,0,"ALE","GAM"
816,"thetas","workflow",0.484543404877186,0.492149944324182,0,"ALE","GAM"
817,"thetas","workflow",0.486342928409576,0.493146487587055,0,"ALE","GAM"
818,"thetas","workflow",0.488017465472221,0.494052111437983,0,"ALE","GAM"
819,"thetas","workflow",0.489362925291061,0.494765954460001,0,"ALE","GAM"
820,"thetas","workflow",0.49073415607214,0.495482082238788,0,"ALE","GAM"
821,"thetas","workflow",0.491936881542206,0.496101631502276,0,"ALE","GAM"
822,"thetas","workflow",0.49310144931078,0.496694657579816,0,"ALE","GAM"
823,"thetas","workflow",0.494068042039871,0.497182196325581,0,"ALE","GAM"
824,"thetas","workflow",0.494982446730137,0.4976398534887,0,"ALE","GAM"
825,"thetas","workflow",0.496075937747955,0.49818299797803,0,"ALE","GAM"
826,"thetas","workflow",0.49718473315239,0.498729484551669,0,"ALE","GAM"
827,"thetas","workflow",0.49828323662281,0.499266972033449,0,"ALE","GAM"
828,"thetas","workflow",0.499100624322891,0.499664478167379,0,"ALE","GAM"
829,"thetas","workflow",0.500065124034882,0.500130936680937,0,"ALE","GAM"
830,"thetas","workflow",0.501084948778152,0.500621059903954,0,"ALE","GAM"
831,"thetas","workflow",0.502043564319611,0.501078750662628,0,"ALE","GAM"
832,"thetas","workflow",0.502558093070984,0.501323130654583,0,"ALE","GAM"
833,"thetas","workflow",0.503461520671844,0.501749984888776,0,"ALE","GAM"
834,"thetas","workflow",0.504280775785446,0.502134386960748,0,"ALE","GAM"
835,"thetas","workflow",0.505336213111877,0.502625494334484,0,"ALE","GAM"
836,"thetas","workflow",0.506383110880852,0.503107480749697,0,"ALE","GAM"
837,"thetas","workflow",0.507465991973877,0.503599927131823,0,"ALE","GAM"
838,"thetas","workflow",0.508228104114532,0.503942315666663,0,"ALE","GAM"
839,"thetas","workflow",0.509005862474442,0.504287806511342,0,"ALE","GAM"
840,"thetas","workflow",0.509831294417381,0.504649734937112,0,"ALE","GAM"
841,"thetas","workflow",0.510530543327331,0.504952178393157,0,"ALE","GAM"
842,"thetas","workflow",0.511265920996666,0.505265805434711,0,"ALE","GAM"
843,"thetas","workflow",0.511856182813644,0.505514006894021,0,"ALE","GAM"
844,"thetas","workflow",0.512525472044945,0.505791383980936,0,"ALE","GAM"
845,"thetas","workflow",0.513162786960602,0.506051252195709,0,"ALE","GAM"
846,"thetas","workflow",0.513741085529327,0.50628324960849,0,"ALE","GAM"
847,"thetas","workflow",0.514452991485596,0.506563594712775,0,"ALE","GAM"
848,"thetas","workflow",0.515008125305176,0.506777958101054,0,"ALE","GAM"
849,"thetas","workflow",0.515574109554291,0.50699249340119,0,"ALE","GAM"
850,"thetas","workflow",0.516116309762001,0.507194040758896,0,"ALE","GAM"
851,"thetas","workflow",0.516695722341537,0.507404942717916,0,"ALE","GAM"
852,"thetas","workflow",0.517218412160873,0.507591067621963,0,"ALE","GAM"
853,"thetas","workflow",0.517739503383637,0.507772578046242,0,"ALE","GAM"
854,"thetas","workflow",0.518239104747772,0.507942679635799,0,"ALE","GAM"
855,"thetas","workflow",0.518652844429016,0.508080549798562,0,"ALE","GAM"
856,"thetas","workflow",0.519102519154549,0.50822723140765,0,"ALE","GAM"
857,"thetas","workflow",0.519461936950684,0.508342043269195,0,"ALE","GAM"
858,"thetas","workflow",0.519873896241188,0.508470926958531,0,"ALE","GAM"
859,"thetas","workflow",0.520374178886414,0.508623459241979,0,"ALE","GAM"
860,"thetas","workflow",0.52085529923439,0.508765925531992,0,"ALE","GAM"
861,"thetas","workflow",0.521333487033844,0.508903321892226,0,"ALE","GAM"
862,"thetas","workflow",0.521759390830994,0.509022091798483,0,"ALE","GAM"
863,"thetas","workflow",0.522253239154816,0.509155473033809,0,"ALE","GAM"
864,"thetas","workflow",0.522832840681076,0.509305952505836,0,"ALE","GAM"
865,"thetas","workflow",0.523410675525665,0.509449314647395,0,"ALE","GAM"
866,"thetas","workflow",0.523951849341393,0.509577427034522,0,"ALE","GAM"
867,"thetas","workflow",0.524592671394348,0.509721282184785,0,"ALE","GAM"
868,"thetas","workflow",0.525244131088257,0.509858637211355,0,"ALE","GAM"
869,"thetas","workflow",0.525889790058136,0.509985769266079,0,"ALE","GAM"
870,"thetas","workflow",0.526545784473419,0.510105613147781,0,"ALE","GAM"
871,"thetas","workflow",0.527150670289993,0.510207676649912,0,"ALE","GAM"
872,"thetas","workflow",0.527785362005234,0.510305955881735,0,"ALE","GAM"
873,"thetas","workflow",0.528357064723968,0.510386677210785,0,"ALE","GAM"
874,"thetas","workflow",0.529040822386742,0.510473425964108,0,"ALE","GAM"
875,"thetas","workflow",0.529638460874557,0.510540451808363,0,"ALE","GAM"
876,"thetas","workflow",0.530373032689095,0.510611538095134,0,"ALE","GAM"
877,"thetas","workflow",0.531085178852081,0.510668516983377,0,"ALE","GAM"
878,"thetas","workflow",0.531720567941666,0.510709409286363,0,"ALE","GAM"
879,"thetas","workflow",0.532343465089798,0.510740386741674,0,"ALE","GAM"
880,"thetas","workflow",0.532994085550308,0.510763121110871,0,"ALE","GAM"
881,"thetas","workflow",0.533873782157898,0.510778276132128,0,"ALE","GAM"
882,"thetas","workflow",0.534579967856407,0.510777543550159,0,"ALE","GAM"
883,"thetas","workflow",0.535388894081116,0.51076270260233,0,"ALE","GAM"
884,"thetas","workflow",0.536291867494583,0.510728666404578,0,"ALE","GAM"
885,"thetas","workflow",0.537086789608002,0.51068366237528,0,"ALE","GAM"
886,"thetas","workflow",0.537879178524017,0.510625021931604,0,"ALE","GAM"
887,"thetas","workflow",0.538852044343948,0.510534587468939,0,"ALE","GAM"
888,"thetas","workflow",0.539818264842033,0.510425155662409,0,"ALE","GAM"
889,"thetas","workflow",0.540655100345612,0.510315031195839,0,"ALE","GAM"
890,"thetas","workflow",0.541510138511658,0.510188245164956,0,"ALE","GAM"
891,"thetas","workflow",0.542548160552978,0.510015629121492,0,"ALE","GAM"
892,"thetas","workflow",0.543500842452049,0.509839905311607,0,"ALE","GAM"
893,"thetas","workflow",0.544679663181305,0.509600701022001,0,"ALE","GAM"
894,"thetas","workflow",0.545821803808212,0.509347300078376,0,"ALE","GAM"
895,"thetas","workflow",0.546929502487183,0.509082561744289,0,"ALE","GAM"
896,"thetas","workflow",0.548410366177559,0.50870181908133,0,"ALE","GAM"
897,"thetas","workflow",0.54969322681427,0.508349565952156,0,"ALE","GAM"
898,"thetas","workflow",0.551109853982925,0.507939169319895,0,"ALE","GAM"
899,"thetas","workflow",0.55294326543808,0.507379331938683,0,"ALE","GAM"
900,"thetas","workflow",0.554414529800415,0.506910624935653,0,"ALE","GAM"
901,"thetas","workflow",0.55579892873764,0.506456829422041,0,"ALE","GAM"
902,"thetas","workflow",0.557683835029602,0.505823597961026,0,"ALE","GAM"
903,"thetas","workflow",0.560037161111832,0.505015957914675,0,"ALE","GAM"
904,"thetas","workflow",0.562900641560555,0.504020387406324,0,"ALE","GAM"
905,"thetas","workflow",0.565468802452087,0.503126579490728,0,"ALE","GAM"
906,"thetas","workflow",0.568021140694618,0.502246170561827,0,"ALE","GAM"
907,"thetas","workflow",0.572109525203705,0.500865611531308,0,"ALE","GAM"
908,"thetas","workflow",0.579998794794083,0.498330752407497,0,"ALE","GAM"
909,"thetas","workflow",0.634861648082733,0.483038363255084,0,"ALE","GAM"
910,"TPI3","workflow",-5.43369436264038,0.710117178670817,0,"ALE","GAM"
911,"TPI3","workflow",-1.91658446073532,0.666454085077274,0,"ALE","GAM"
912,"TPI3","workflow",-1.61589391231537,0.652643452448602,0,"ALE","GAM"
913,"TPI3","workflow",-1.44672192454338,0.642907398149005,0,"ALE","GAM"
914,"TPI3","workflow",-1.29872978687286,0.633394464640912,0,"ALE","GAM"
915,"TPI3","workflow",-1.18044658899307,0.625206008220492,0,"ALE","GAM"
916,"TPI3","workflow",-1.08600077152252,0.618296488038759,0,"ALE","GAM"
917,"TPI3","workflow",-1.00956451416016,0.612425131357049,0,"ALE","GAM"
918,"TPI3","workflow",-0.94468939781189,0.607200016104168,0,"ALE","GAM"
919,"TPI3","workflow",-0.890528898239136,0.60262735355866,0,"ALE","GAM"
920,"TPI3","workflow",-0.834142971038818,0.597618626004115,0,"ALE","GAM"
921,"TPI3","workflow",-0.781908268928528,0.592709594673642,0,"ALE","GAM"
922,"TPI3","workflow",-0.742593579292297,0.588817196784244,0,"ALE","GAM"
923,"TPI3","workflow",-0.698036684393883,0.584174409389297,0,"ALE","GAM"
924,"TPI3","workflow",-0.658728866577148,0.579853928513114,0,"ALE","GAM"
925,"TPI3","workflow",-0.62536304295063,0.576007882756098,0,"ALE","GAM"
926,"TPI3","workflow",-0.593869454860687,0.572218075857203,0,"ALE","GAM"
927,"TPI3","workflow",-0.565843284726143,0.568709759356959,0,"ALE","GAM"
928,"TPI3","workflow",-0.539521930217743,0.565295281224264,0,"ALE","GAM"
929,"TPI3","workflow",-0.512784522771835,0.561706845714525,0,"ALE","GAM"
930,"TPI3","workflow",-0.48725693821907,0.558168217170088,0,"ALE","GAM"
931,"TPI3","workflow",-0.464983150959015,0.554992134301115,0,"ALE","GAM"
932,"TPI3","workflow",-0.443606460094452,0.551868277387588,0,"ALE","GAM"
933,"TPI3","workflow",-0.419760066270828,0.54829917210994,0,"ALE","GAM"
934,"TPI3","workflow",-0.396233017444611,0.544695283015226,0,"ALE","GAM"
935,"TPI3","workflow",-0.375978618860245,0.541531750182494,0,"ALE","GAM"
936,"TPI3","workflow",-0.359759996533394,0.538961253231198,0,"ALE","GAM"
937,"TPI3","workflow",-0.342401838302612,0.536176781548908,0,"ALE","GAM"
938,"TPI3","workflow",-0.322645610570908,0.532970346895768,0,"ALE","GAM"
939,"TPI3","workflow",-0.303194184005261,0.529780244965269,0,"ALE","GAM"
940,"TPI3","workflow",-0.281960880756378,0.526267930804137,0,"ALE","GAM"
941,"TPI3","workflow",-0.265255124866962,0.523488189079942,0,"ALE","GAM"
942,"TPI3","workflow",-0.251814068555832,0.521244662495036,0,"ALE","GAM"
943,"TPI3","workflow",-0.238374421745539,0.518997878930926,0,"ALE","GAM"
944,"TPI3","workflow",-0.224403917491436,0.516661486387578,0,"ALE","GAM"
945,"TPI3","workflow",-0.212034795433283,0.514594596191052,0,"ALE","GAM"
946,"TPI3","workflow",-0.197828943133354,0.512225740078805,0,"ALE","GAM"
947,"TPI3","workflow",-0.183555838167667,0.509854321619772,0,"ALE","GAM"
948,"TPI3","workflow",-0.17079906642437,0.507745085898396,0,"ALE","GAM"
949,"TPI3","workflow",-0.159341277629137,0.505861110350434,0,"ALE","GAM"
950,"TPI3","workflow",-0.146815350651741,0.503815211916206,0,"ALE","GAM"
951,"TPI3","workflow",-0.133593350797892,0.501673877837333,0,"ALE","GAM"
952,"TPI3","workflow",-0.121610312461853,0.499751853145019,0,"ALE","GAM"
953,"TPI3","workflow",-0.11003217048943,0.497913803136046,0,"ALE","GAM"
954,"TPI3","workflow",-0.0977603790163993,0.495988330573617,0,"ALE","GAM"
955,"TPI3","workflow",-0.0862362492829561,0.494203518951254,0,"ALE","GAM"
956,"TPI3","workflow",-0.0778866848349571,0.49292563678891,0,"ALE","GAM"
957,"TPI3","workflow",-0.0686601933091879,0.491529466736533,0,"ALE","GAM"
958,"TPI3","workflow",-0.059715550839901,0.490192800041267,0,"ALE","GAM"
959,"TPI3","workflow",-0.0492229867726564,0.48864715871426,0,"ALE","GAM"
960,"TPI3","workflow",-0.0388218760490417,0.487140077724857,0,"ALE","GAM"
961,"TPI3","workflow",-0.0285610719770193,0.485679071681881,0,"ALE","GAM"
962,"TPI3","workflow",-0.0203429939597845,0.484528176251324,0,"ALE","GAM"
963,"TPI3","workflow",-0.0119939179904759,0.483377137704318,0,"ALE","GAM"
964,"TPI3","workflow",-0.00375333354342729,0.482259620964271,0,"ALE","GAM"
965,"TPI3","workflow",0.00388702827040109,0.481240446299458,0,"ALE","GAM"
966,"TPI3","workflow",0.0135838206484914,0.479971082477583,0,"ALE","GAM"
967,"TPI3","workflow",0.0238374663889409,0.478658956577781,0,"ALE","GAM"
968,"TPI3","workflow",0.0341791290044784,0.477367761338161,0,"ALE","GAM"
969,"TPI3","workflow",0.0435154999047518,0.476230485210337,0,"ALE","GAM"
970,"TPI3","workflow",0.0529094398021697,0.475113930371922,0,"ALE","GAM"
971,"TPI3","workflow",0.0654131757467985,0.473671676300308,0,"ALE","GAM"
972,"TPI3","workflow",0.0780635924637318,0.472264399002438,0,"ALE","GAM"
973,"TPI3","workflow",0.0897586502879858,0.471010533605879,0,"ALE","GAM"
974,"TPI3","workflow",0.105759460628033,0.469369364868488,0,"ALE","GAM"
975,"TPI3","workflow",0.120074500143528,0.467974539947366,0,"ALE","GAM"
976,"TPI3","workflow",0.133438796401024,0.466735289928336,0,"ALE","GAM"
977,"TPI3","workflow",0.149208298176527,0.465351252786666,0,"ALE","GAM"
978,"TPI3","workflow",0.165298010706902,0.464026178989342,0,"ALE","GAM"
979,"TPI3","workflow",0.180243723541498,0.462873678127714,0,"ALE","GAM"
980,"TPI3","workflow",0.196582618355751,0.461699327290794,0,"ALE","GAM"
981,"TPI3","workflow",0.212279142290354,0.460654225340964,0,"ALE","GAM"
982,"TPI3","workflow",0.228578853607178,0.459653606542851,0,"ALE","GAM"
983,"TPI3","workflow",0.246287080347538,0.458662112755698,0,"ALE","GAM"
984,"TPI3","workflow",0.26648091673851,0.457649368287915,0,"ALE","GAM"
985,"TPI3","workflow",0.285813085734844,0.456793206856557,0,"ALE","GAM"
986,"TPI3","workflow",0.310533282756805,0.455852054960348,0,"ALE","GAM"
987,"TPI3","workflow",0.32911674797535,0.455251682061905,0,"ALE","GAM"
988,"TPI3","workflow",0.351793715357781,0.454635270733427,0,"ALE","GAM"
989,"TPI3","workflow",0.376526732444763,0.454097417564505,0,"ALE","GAM"
990,"TPI3","workflow",0.401947551965714,0.453676640112444,0,"ALE","GAM"
991,"TPI3","workflow",0.430043810904027,0.453348573849883,0,"ALE","GAM"
992,"TPI3","workflow",0.459688159823418,0.453135136775364,0,"ALE","GAM"
993,"TPI3","workflow",0.485947405993938,0.453039528637691,0,"ALE","GAM"
994,"TPI3","workflow",0.522578361034393,0.453017739974613,0,"ALE","GAM"
995,"TPI3","workflow",0.553713622689247,0.453069481248787,0,"ALE","GAM"
996,"TPI3","workflow",0.589236054420471,0.453169788135019,0,"ALE","GAM"
997,"TPI3","workflow",0.635970839858054,0.453306517275438,0,"ALE","GAM"
998,"TPI3","workflow",0.677858760356904,0.45337482734667,0,"ALE","GAM"
999,"TPI3","workflow",0.724187902212143,0.453330303700701,0,"ALE","GAM"
1000,"TPI3","workflow",0.771403211355209,0.453099996858791,0,"ALE","GAM"
1001,"TPI3","workflow",0.839877769351006,0.452338624839414,0,"ALE","GAM"
1002,"TPI3","workflow",0.909221711158752,0.450959284575093,0,"ALE","GAM"
1003,"TPI3","workflow",0.97343213558197,0.449091141005032,0,"ALE","GAM"
1004,"TPI3","workflow",1.04490432500839,0.446349198668439,0,"ALE","GAM"
1005,"TPI3","workflow",1.13801998496056,0.441834202758273,0,"ALE","GAM"
1006,"TPI3","workflow",1.24773401737213,0.435418816069352,0,"ALE","GAM"
1007,"TPI3","workflow",1.41111633777618,0.424493475757543,0,"ALE","GAM"
1008,"TPI3","workflow",1.61537159442902,0.410261506777098,0,"ALE","GAM"
1009,"TPI3","workflow",2.0163326215744,0.385889062145111,0,"ALE","GAM"
1010,"TPI3","workflow",4.72865867614746,0.198722200760826,0,"ALE","GAM"
