"","predicted","n","percent","model"
"1",1,12911,0.739038351459645,"GLM"
"2",1,10603,0.606926159129937,"XGB"
"3",1,10900,0.623926731539783,"RF"
"4",1,12780,0.731539782484259,"GAM"
"5",1,12470,0.713795077275329,"Ensemble"
