"","predicted","n","percent","model"
"1",1,11646,0.667239601237539,"GLM"
"2",1,14723,0.843531568694855,"XGB"
"3",1,14638,0.838661624842443,"RF"
"4",1,14013,0.802853214162943,"GAM"
"5",1,13696,0.7846911882663,"Ensemble"
