"","predicted","n","percent","model"
"1",1,13361,0.764796794504865,"GLM"
"2",1,14933,0.854779622209502,"XGB"
"3",1,14539,0.832226674298798,"RF"
"4",1,13651,0.781396680022896,"GAM"
"5",1,14274,0.81705781339439,"Ensemble"
