"","predicted","n","percent","model"
"1",1,13361,0.764796794504865,"GLM"
"2",1,11625,0.66542644533486,"XGB"
"3",1,14539,0.832226674298798,"RF"
"4",1,13651,0.781396680022896,"GAM"
"5",1,14417,0.825243274184316,"Ensemble"
