"","Variable","Importance","Model"
"1","ADI",0.0506401197708272,"XGB"
"2","PRATIO",0.0477217173131374,"XGB"
"3","om",0.0318043886240566,"XGB"
"4","MCMT",0.0257068267817179,"XGB"
"5","thetas",0.0181478089772565,"XGB"
"6","clay",0.0136902836806496,"XGB"
"7","MAR",0.0132944520437314,"XGB"
"8","RH",0.0107672344834723,"XGB"
"9","tpi3",0.005800022985865,"XGB"
"10","hli",0.00549226587130821,"XGB"
