"","Variable","Importance","Model"
"1","ADI",0.320494758772183,"XGB"
"2","PRATIO",0.231062072755395,"XGB"
"3","MCMT",0.102500132327976,"XGB"
"4","om",0.0742595678123288,"XGB"
"5","tpi3",0.0633127309442762,"XGB"
"6","hli",0.0526246915418024,"XGB"
"7","thetas",0.0430863102472394,"XGB"
"8","RH",0.041931411637201,"XGB"
"9","MAR",0.0355480562855778,"XGB"
"10","clay",0.0351802676760203,"XGB"
